open_time,open,high,low,close,volume,close_time,quote_volume,count,taker_buy_volume,taker_buy_quote_volume,ignore
1696118400000,1.3454000,1.3536000,1.3424000,1.3529000,2879120.4,1696121999999,3876856.20532000,13536,1548085.2,2084828.30435000,0
1696122000000,1.3529000,1.3648000,1.3494000,1.3619000,3261453.8,1696125599999,4430452.69801000,13396,1910142.4,2595074.79787000,0
1696125600000,1.3620000,1.3643000,1.3509000,1.3553000,2970095,1696129199999,4033656.86693000,11091,1263721.8,1715764.14293000,0
1696129200000,1.3553000,1.3588000,1.3493000,1.3581000,1831977.4,1696132799999,2479377.85455000,7734,900770.3,1219505.67807000,0
1696132800000,1.3582000,1.3594000,1.3520000,1.3535000,1894160,1696136399999,2566950.40403000,7505,878083.6,1189898.13218000,0
1696136400000,1.3535000,1.3666000,1.3521000,1.3649000,2783151.1,1696139999999,3787268.34364000,11321,1619082.6,2203430.56932000,0
1696140000000,1.3650000,1.3685000,1.3632000,1.3677000,2490278.9,1696143599999,3401585.01780000,10790,1227615.7,1677024.88082000,0
1696143600000,1.3678000,1.3693000,1.3604000,1.3607000,2487436,1696147199999,3395011.66480000,9630,1228329.6,1676727.78773000,0
1696147200000,1.3606000,1.3651000,1.3547000,1.3626000,3793379.3,1696150799999,5155330.21468000,11513,1734324.9,2357701.70725000,0
1696150800000,1.3628000,1.3754000,1.3626000,1.3746000,3776493.4,1696154399999,5174868.60560000,15094,1984954.7,2720060.19486000,0
1696154400000,1.3747000,1.3858000,1.3744000,1.3828000,10410919.8,1696157999999,14369172.93025000,32291,5212829.6,7194849.28242000,0
1696158000000,1.3827000,1.3931000,1.3790000,1.3904000,5174561.8,1696161599999,7180715.65239000,17578,2848513.7,3954211.49652000,0
1696161600000,1.3904000,1.3936000,1.3775000,1.3811000,4874759.4,1696165199999,6747854.35804000,17311,2242014.2,3103906.03387000,0
1696165200000,1.3810000,1.3913000,1.3761000,1.3905000,4467611.7,1696168799999,6175614.30918000,14476,2360102.3,3263056.67397000,0
1696168800000,1.3906000,1.4033000,1.3802000,1.3853000,10126322.7,1696172399999,14100622.45953000,31685,4870783.5,6783660.60774000,0
1696172400000,1.3851000,1.3892000,1.3816000,1.3828000,2715970.2,1696175999999,3762663.38453000,10834,1304442.2,1807081.85299000,0
1696176000000,1.3829000,1.3845000,1.3725000,1.3760000,4319786.6,1696179599999,5951016.27016000,15213,2160149.9,2975675.84807000,0
1696179600000,1.3761000,1.3828000,1.3672000,1.3692000,4023521.4,1696183199999,5530466.72862000,17280,1661628.1,2284812.02420000,0
1696183200000,1.3692000,1.3771000,1.3678000,1.3750000,1867924,1696186799999,2566124.96416000,10030,895650.8,1230437.96842000,0
1696186800000,1.3749000,1.3789000,1.3733000,1.3758000,1099913.6,1696190399999,1513850.75753000,5925,640360.9,881373.27756000,0
1696190400000,1.3757000,1.3826000,1.3691000,1.3779000,2455370.4,1696193999999,3380205.47498000,11932,1212483.3,1669342.24562000,0
1696194000000,1.3778000,1.3822000,1.3774000,1.3814000,1046889.5,1696197599999,1445166.99482000,5443,476557.8,657820.05543000,0
1696197600000,1.3814000,1.4229000,1.3800000,1.4215000,17904107.7,1696201199999,25173972.37832000,61058,9357077.4,13155955.71295000,0
1696201200000,1.4215000,1.4229000,1.4045000,1.4112000,6229259.9,1696204799999,8800684.51959000,21574,2620897.8,3703101.18918000,0
1696204800000,1.4112000,1.4184000,1.4028000,1.4064000,4221772.3,1696208399999,5948360.60606000,17446,2142788.1,3019519.92780000,0
1696208400000,1.4063000,1.4103000,1.4014000,1.4092000,3440172.6,1696211999999,4835963.51054000,13911,1862055.4,2617508.17192000,0
1696212000000,1.4091000,1.4135000,1.4078000,1.4135000,2157040.8,1696215599999,3043696.96194000,10426,1161060.3,1638388.96407000,0
1696215600000,1.4135000,1.4293000,1.4134000,1.4245000,5145832.5,1696219199999,7312786.09835000,20829,3032972.3,4310081.84706000,0
1696219200000,1.4245000,1.4363000,1.4155000,1.4335000,6704690.6,1696222799999,9557213.19317000,23439,3562510.4,5080344.96491000,0
1696222800000,1.4335000,1.4545000,1.4241000,1.4263000,12942409.4,1696226399999,18605529.48095000,40739,6822029.2,9810284.10110000,0
1696226400000,1.4263000,1.4482000,1.4241000,1.4433000,5339978,1696229999999,7680644.65188000,20540,2828575.2,4067472.24972000,0
1696230000000,1.4434000,1.4576000,1.4395000,1.4497000,8347563.2,1696233599999,12099087.98257000,31139,4144673.2,6008624.22508000,0
1696233600000,1.4497000,1.4655000,1.4436000,1.4597000,9911515.9,1696237199999,14436449.98601000,37202,5045995.6,7350573.29556000,0
1696237200000,1.4598000,1.4604000,1.4414000,1.4509000,6872768.2,1696240799999,9961787.60095000,24262,2998874,4345914.25540000,0
1696240800000,1.4509000,1.4565000,1.4449000,1.4482000,5205628.5,1696244399999,7553035.33857000,17452,2556561.2,3709973.35712000,0
1696244400000,1.4481000,1.4537000,1.4390000,1.4437000,4942209,1696247999999,7147139.62850000,18155,2321665.9,3357950.16722000,0
1696248000000,1.4438000,1.4590000,1.4374000,1.4573000,8877675,1696251599999,12878639.09600000,25958,4833141.2,7014359.17930000,0
1696251600000,1.4572000,1.4626000,1.4487000,1.4532000,8174677.8,1696255199999,11895166.18704000,25788,3801988,5533899.73832000,0
1696255200000,1.4532000,1.4559000,1.4233000,1.4400000,15718220.5,1696258799999,22597895.48940000,52533,7360971.4,10581871.86670000,0
1696258800000,1.4400000,1.4439000,1.4152000,1.4202000,11696601.9,1696262399999,16718756.89403000,39912,5447854.4,7788543.43470000,0
1696262400000,1.4201000,1.4252000,1.4041000,1.4134000,12721773.5,1696265999999,17986317.64958000,43798,6209390.1,8779206.82501000,0
1696266000000,1.4134000,1.4197000,1.4055000,1.4127000,3850927.6,1696269599999,5441822.10171000,16022,2008950.4,2839454.29358000,0
1696269600000,1.4128000,1.4136000,1.3551000,1.3828000,16641780,1696273199999,23094028.88831000,51297,7274954,10091739.13360000,0
1696273200000,1.3831000,1.4041000,1.3770000,1.4031000,6328254.8,1696276799999,8792410.06174000,23886,3391267.9,4713085.95738000,0
1696276800000,1.4032000,1.4035000,1.3913000,1.3930000,3530662.9,1696280399999,4934138.80144000,12950,1537245.2,2148499.82010000,0
1696280400000,1.3931000,1.3951000,1.3680000,1.3789000,6551025.2,1696283999999,9056999.99795000,24454,2950662.6,4079488.13908000,0
1696284000000,1.3789000,1.3883000,1.3755000,1.3876000,4582869.4,1696287599999,6334443.51664000,17349,2534679.7,3504166.17647000,0
1696287600000,1.3875000,1.3976000,1.3863000,1.3931000,2893938.9,1696291199999,4027851.99327000,11708,1614435.5,2247366.55960000,0
1696291200000,1.3932000,1.3949000,1.3868000,1.3948000,3136341.9,1696294799999,4361708.37189000,13495,1531265,2129775.46825000,0
1696294800000,1.3946000,1.3999000,1.3827000,1.3990000,3569049.3,1696298399999,4967727.60763000,13468,1845736,2570168.48302000,0
1696298400000,1.3989000,1.3989000,1.3883000,1.3920000,1940859,1696301999999,2702116.95634000,8004,900950.5,1254253.01339000,0
1696302000000,1.3920000,1.3922000,1.3794000,1.3808000,2928855,1696305599999,4053478.29032000,12079,1311445.3,1814759.24732000,0
1696305600000,1.3808000,1.3816000,1.3672000,1.3764000,4863450.7,1696309199999,6680038.86174000,17349,2205174.8,3029096.55661000,0
1696309200000,1.3765000,1.3766000,1.3615000,1.3628000,3205106.7,1696312799999,4385825.85671000,12962,1542344.4,2110844.87006000,0
1696312800000,1.3628000,1.3766000,1.3596000,1.3720000,3638072.9,1696316399999,4978590.64661000,13963,1795513,2457874.12235000,0
1696316400000,1.3721000,1.3739000,1.3594000,1.3622000,3688801,1696319999999,5041572.40846000,14061,1902192,2600745.20458000,0
1696320000000,1.3622000,1.3739000,1.3622000,1.3718000,3346462.7,1696323599999,4581511.46870000,12933,1850031.1,2532441.55093000,0
1696323600000,1.3717000,1.3792000,1.3680000,1.3685000,3894788.8,1696327199999,5352357.48686000,15223,2080299.8,2859570.66070000,0
1696327200000,1.3685000,1.3695000,1.3614000,1.3669000,3853645.4,1696330799999,5261403.94224000,15460,1697821.9,2318435.25088000,0
1696330800000,1.3668000,1.3669000,1.3500000,1.3543000,6425003.5,1696334399999,8709277.63215000,24366,2733713.1,3705832.94931000,0
1696334400000,1.3544000,1.3582000,1.3444000,1.3529000,5585097.6,1696337999999,7542001.44956000,20153,2711362.4,3662178.94334000,0
1696338000000,1.3528000,1.3639000,1.3479000,1.3565000,4478082.9,1696341599999,6081033.47174000,17605,2469037.1,3353251.89350000,0
1696341600000,1.3564000,1.3564000,1.3353000,1.3449000,10076594.9,1696345199999,13554485.23338000,34402,4435815.6,5967352.71390000,0
1696345200000,1.3449000,1.3473000,1.3317000,1.3385000,7284199.9,1696348799999,9755117.51717000,25361,3570434.4,4783067.42591000,0
1696348800000,1.3385000,1.3421000,1.3327000,1.3391000,4356204.1,1696352399999,5828043.37368000,17611,2210093.8,2956954.23994000,0
1696352400000,1.3392000,1.3439000,1.3340000,1.3397000,4224958.9,1696355999999,5657016.20095000,14640,2121713.8,2841067.00233000,0
1696356000000,1.3396000,1.3407000,1.3244000,1.3267000,4347521.7,1696359599999,5794444.22029000,15749,1790618.3,2387667.29214000,0
1696359600000,1.3266000,1.3362000,1.3210000,1.3238000,3958487.4,1696363199999,5255920.96959000,16798,1893122.2,2513923.52278000,0
1696363200000,1.3236000,1.3297000,1.3133000,1.3230000,5838614.7,1696366799999,7719539.39989000,20804,2871289.2,3797813.18704000,0
1696366800000,1.3230000,1.3260000,1.3095000,1.3101000,3813928.5,1696370399999,5023442.36279000,13194,1505242.6,1984321.17444000,0
1696370400000,1.3101000,1.3158000,1.3008000,1.3143000,7373576.4,1696373999999,9640789.91991000,24187,3608473.7,4718808.47971000,0
1696374000000,1.3143000,1.3233000,1.3110000,1.3214000,5265559.4,1696377599999,6937036.67381000,20480,2871438.7,3783349.71258000,0
1696377600000,1.3215000,1.3223000,1.2504000,1.2744000,27214762.8,1696381199999,34984555.92846000,85517,11883692.8,15279397.45538000,0
1696381200000,1.2743000,1.2892000,1.2681000,1.2875000,7849892.7,1696384799999,10050307.68050000,28191,4070107.1,5211385.90453000,0
1696384800000,1.2874000,1.2974000,1.2854000,1.2963000,5785378.9,1696388399999,7477607.74484000,18824,3006162.9,3885679.95077000,0
1696388400000,1.2962000,1.3013000,1.2932000,1.2983000,2870884.1,1696391999999,3725010.09530000,11911,1545358.9,2005520.48066000,0
1696392000000,1.2982000,1.2996000,1.2905000,1.2912000,2327774.3,1696395599999,3011997.22802000,9928,1037077.5,1341961.05911000,0
1696395600000,1.2912000,1.3000000,1.2901000,1.2999000,2274645.4,1696399199999,2944741.53017000,9598,1142806.5,1479962.84024000,0
1696399200000,1.3000000,1.3043000,1.2921000,1.3038000,3551437.6,1696402799999,4609884.66990000,14524,1836641,2384871.64269000,0
1696402800000,1.3037000,1.3075000,1.2996000,1.3073000,3199408.3,1696406399999,4171443.97546000,14114,1642203.7,2141669.69335000,0
1696406400000,1.3072000,1.3179000,1.3037000,1.3094000,6817060,1696409999999,8937186.07705000,23547,3604299.5,4725898.98615000,0
1696410000000,1.3095000,1.3163000,1.3072000,1.3153000,3709864.8,1696413599999,4868187.79642000,14923,1919921.8,2520175.19517000,0
1696413600000,1.3154000,1.3167000,1.3099000,1.3118000,2727529.3,1696417199999,3580707.56342000,10749,1297123.5,1703116.51751000,0
1696417200000,1.3119000,1.3138000,1.3085000,1.3137000,3157547.7,1696420799999,4138199.96559000,9538,1544314.3,2024053.23924000,0
1696420800000,1.3137000,1.3153000,1.3077000,1.3088000,3668186.3,1696424399999,4807646.40007000,11893,1628434.1,2134574.64626000,0
1696424400000,1.3088000,1.3097000,1.2939000,1.2979000,6045272.9,1696427999999,7867095.58740000,20044,2368440.4,3082232.19377000,0
1696428000000,1.2979000,1.3005000,1.2857000,1.2949000,6495782.1,1696431599999,8398999.80953000,23574,2951076.1,3816353.23779000,0
1696431600000,1.2949000,1.3048000,1.2921000,1.2939000,5279497.3,1696435199999,6861034.43726000,17335,2575022.8,3346820.67278000,0
1696435200000,1.2939000,1.3105000,1.2907000,1.3035000,5105631.3,1696438799999,6644269.28498000,17629,2792361.7,3634440.12388000,0
1696438800000,1.3034000,1.3104000,1.3019000,1.3078000,1992271.5,1696442399999,2604218.17059000,9678,1023013.1,1337197.45536000,0
1696442400000,1.3078000,1.3123000,1.3041000,1.3109000,2348451.5,1696445999999,3074068.72969000,9269,1160762.4,1519698.98530000,0
1696446000000,1.3109000,1.3217000,1.3033000,1.3120000,6500240.6,1696449599999,8538931.64429000,22802,3268559.4,4294261.34302000,0
1696449600000,1.3120000,1.3191000,1.3086000,1.3126000,2939203.9,1696453199999,3864067.83809000,10627,1410001.4,1853469.94633000,0
1696453200000,1.3127000,1.3273000,1.3121000,1.3239000,2768637.1,1696456799999,3659485.51544000,10120,1563971.3,2067162.56021000,0
1696456800000,1.3239000,1.3369000,1.3231000,1.3345000,4031728.7,1696460399999,5364765.69110000,13268,2287160.9,3043287.88148000,0
1696460400000,1.3346000,1.3407000,1.3287000,1.3296000,3580751.7,1696463999999,4778897.51113000,13322,1668352.4,2227113.46128000,0
1696464000000,1.3295000,1.3441000,1.3259000,1.3381000,5519540.5,1696467599999,7365231.58885000,20011,2949242.2,3936581.10911000,0
1696467600000,1.3381000,1.3407000,1.3198000,1.3276000,4648668.9,1696471199999,6175680.60310000,18292,1926685.4,2560010.84710000,0
1696471200000,1.3276000,1.3281000,1.3171000,1.3229000,2537137.8,1696474799999,3354198.40756000,11668,1134463.1,1500146.83798000,0
1696474800000,1.3229000,1.3305000,1.3229000,1.3230000,1882680.4,1696478399999,2497178.23971000,8277,1038361,1377480.06785000,0
1696478400000,1.3229000,1.3264000,1.3185000,1.3261000,2040749,1696481999999,2697763.35634000,8954,1107573.1,1464443.17001000,0
1696482000000,1.3261000,1.3301000,1.3191000,1.3192000,2992080.8,1696485599999,3960929.91080000,11300,1334180.4,1767203.04732000,0
1696485600000,1.3194000,1.3230000,1.3153000,1.3202000,2546879.7,1696489199999,3359902.50797000,11777,1273941.3,1680897.12697000,0
1696489200000,1.3201000,1.3216000,1.3120000,1.3194000,3163795.8,1696492799999,4162702.63377000,13361,1439586.6,1894255.32818000,0
1696492800000,1.3194000,1.3215000,1.3142000,1.3201000,1791891.1,1696496399999,2361510.29641000,8573,859069.4,1132279.57655000,0
1696496400000,1.3201000,1.3288000,1.3199000,1.3281000,2719470.3,1696499999999,3605181.98305000,10047,1421250.7,1884061.42891000,0
1696500000000,1.3282000,1.3319000,1.3243000,1.3318000,2385894.5,1696503599999,3167641.85925000,9573,1120252.6,1487730.01275000,0
1696503600000,1.3318000,1.3321000,1.3225000,1.3229000,1817300.6,1696507199999,2413455.32811000,8599,739202.2,981947.84849000,0
1696507200000,1.3229000,1.3261000,1.3105000,1.3108000,4412249.7,1696510799999,5811073.52172000,16986,2057459.4,2710510.15479000,0
1696510800000,1.3109000,1.3249000,1.3051000,1.3119000,10892028.6,1696514399999,14310563.49298000,36264,5340242.7,7017283.77174000,0
1696514400000,1.3119000,1.3174000,1.3068000,1.3100000,5056550.7,1696517999999,6630232.31277000,17777,2264228.7,2969397.84446000,0
1696518000000,1.3100000,1.3108000,1.2833000,1.3016000,13688236.1,1696521599999,17776241.58169000,42176,6619365.5,8595849.16448000,0
1696521600000,1.3015000,1.3095000,1.2954000,1.2983000,6195831.9,1696525199999,8070184.20202000,23398,3095497.6,4032932.65579000,0
1696525200000,1.2985000,1.3129000,1.2971000,1.3075000,4752964.7,1696528799999,6206736.70613000,17359,2351236.3,3070289.82643000,0
1696528800000,1.3074000,1.3087000,1.2991000,1.3043000,2702553.9,1696532399999,3521127.61086000,11602,1281163.3,1669450.77869000,0
1696532400000,1.3043000,1.3068000,1.2981000,1.3009000,2116536.3,1696535999999,2756484.28944000,9852,956346.4,1245496.34953000,0
1696536000000,1.3008000,1.3107000,1.3003000,1.3087000,2632102.9,1696539599999,3439862.92835000,9245,1494336.5,1953196.33557000,0
1696539600000,1.3087000,1.3136000,1.3052000,1.3109000,2145088.8,1696543199999,2809393.68970000,6976,1056950.5,1384977.86185000,0
1696543200000,1.3109000,1.3157000,1.3065000,1.3146000,2020661.3,1696546799999,2649788.25932000,8992,1017322.3,1334236.63450000,0
1696546800000,1.3146000,1.3165000,1.2984000,1.2998000,2597252.8,1696550399999,3391614.23128000,10948,1176588.4,1536649.59550000,0
1696550400000,1.2999000,1.3040000,1.2976000,1.3000000,2729497.8,1696553999999,3550786.93505000,11974,1370556.6,1783018.94105000,0
1696554000000,1.3001000,1.3066000,1.2980000,1.3060000,2353585.9,1696557599999,3064469.38697000,10516,1219342.1,1587698.28877000,0
1696557600000,1.3060000,1.3134000,1.3052000,1.3060000,2603053.2,1696561199999,3408859.49910000,10814,1420325.4,1860360.36426000,0
1696561200000,1.3060000,1.3071000,1.3035000,1.3037000,1550194,1696564799999,2022821.12414000,6245,798634.2,1042233.06580000,0
1696564800000,1.3037000,1.3054000,1.3007000,1.3024000,1510908.4,1696568399999,1968432.13514000,6735,718970.1,936828.91333000,0
1696568400000,1.3023000,1.3030000,1.2992000,1.3026000,1656088.9,1696571999999,2154437.41534000,6656,872184.3,1134757.30800000,0
1696572000000,1.3027000,1.3084000,1.2981000,1.3075000,2572166.8,1696575599999,3352530.46931000,9775,1238776.4,1614886.54612000,0
1696575600000,1.3074000,1.3194000,1.3051000,1.3139000,3345342.7,1696579199999,4392376.95617000,13274,1678876.4,2204705.70860000,0
1696579200000,1.3139000,1.3186000,1.3113000,1.3127000,4653799.7,1696582799999,6124595.93312000,12551,2201457.6,2897709.69501000,0
1696582800000,1.3128000,1.3166000,1.3092000,1.3101000,2530085.2,1696586399999,3321201.35968000,8933,1249363.7,1640250.29980000,0
1696586400000,1.3101000,1.3184000,1.3057000,1.3063000,4382070.4,1696589999999,5748979.96917000,12255,2338759.3,3070225.14092000,0
1696590000000,1.3062000,1.3073000,1.3033000,1.3040000,2232658.9,1696593599999,2913158.54614000,9221,1151642.3,1502653.11893000,0
1696593600000,1.3042000,1.3070000,1.2900000,1.2934000,7301630.1,1696597199999,9465900.84560000,25104,3100630.5,4021032.37679000,0
1696597200000,1.2934000,1.3079000,1.2900000,1.2985000,6200176.8,1696600799999,8052324.05258000,22652,2988088.1,3881213.35396000,0
1696600800000,1.2986000,1.3007000,1.2925000,1.2970000,3435768.7,1696604399999,4455467.25625000,14721,1773254.9,2299491.88319000,0
1696604400000,1.2969000,1.3225000,1.2955000,1.3141000,7519506,1696607999999,9870581.23760000,28975,3517528.3,4613769.78311000,0
1696608000000,1.3143000,1.3214000,1.3102000,1.3129000,3390984.5,1696611599999,4459023.24286000,17836,1755619.1,2308792.24026000,0
1696611600000,1.3129000,1.3222000,1.3100000,1.3182000,1856276.3,1696615199999,2444071.21728000,11187,872160.2,1148543.17632000,0
1696615200000,1.3183000,1.3193000,1.3113000,1.3127000,1289443.7,1696618799999,1695425.92461000,7323,594822.4,782089.41001000,0
1696618800000,1.3126000,1.3168000,1.3081000,1.3085000,2373499.3,1696622399999,3112793.18485000,10476,1137731.8,1492361.97276000,0
1696622400000,1.3085000,1.3098000,1.3057000,1.3059000,1285657.4,1696625999999,1680432.70182000,5838,644993.2,843059.61067000,0
1696626000000,1.3059000,1.3156000,1.3031000,1.3117000,2168906.5,1696629599999,2840492.97515000,9849,1119763.8,1466374.34581000,0
1696629600000,1.3117000,1.3132000,1.3069000,1.3071000,1582659.8,1696633199999,2073532.49728000,9088,748081,980137.00398000,0
1696633200000,1.3071000,1.3076000,1.3015000,1.3028000,1960061.2,1696636799999,2556552.20268000,10031,987062.5,1287535.19003000,0
1696636800000,1.3028000,1.3138000,1.3000000,1.3077000,3276740.7,1696640399999,4284991.62047000,14126,1726583,2257722.46141000,0
1696640400000,1.3078000,1.3111000,1.3026000,1.3038000,1718255.2,1696643999999,2244498.58378000,9241,822311.3,1074191.91182000,0
1696644000000,1.3038000,1.3111000,1.3026000,1.3062000,1863791.8,1696647599999,2436669.78902000,7948,905118.9,1183508.69698000,0
1696647600000,1.3062000,1.3134000,1.3044000,1.3073000,1667099.9,1696651199999,2183483.87676000,7345,831577.9,1089235.48682000,0
1696651200000,1.3074000,1.3129000,1.2972000,1.2979000,4318618.6,1696654799999,5635278.67126000,14888,1872974.8,2444389.19629000,0
1696654800000,1.2979000,1.3062000,1.2948000,1.3034000,3445741.1,1696658399999,4479870.14343000,11768,1895274.6,2463767.11592000,0
1696658400000,1.3036000,1.3046000,1.2963000,1.2964000,2351581,1696661999999,3055397.80667000,8689,1041564.1,1353449.33035000,0
1696662000000,1.2965000,1.3001000,1.2958000,1.2969000,1510761,1696665599999,1960290.60575000,7030,804397.5,1043732.97850000,0
1696665600000,1.2969000,1.3043000,1.2908000,1.3027000,3916937.1,1696669199999,5080413.95118000,14918,1832138.4,2377090.13067000,0
1696669200000,1.3027000,1.3041000,1.2915000,1.2931000,2263462.3,1696672799999,2934800.15211000,9236,1041288.2,1349785.50445000,0
1696672800000,1.2930000,1.2981000,1.2917000,1.2970000,1631886.7,1696676399999,2113226.15052000,6186,862057.9,1116362.39688000,0
1696676400000,1.2970000,1.3010000,1.2945000,1.2951000,1892427.8,1696679999999,2455110.26597000,7913,926316.2,1201629.09326000,0
1696680000000,1.2951000,1.2976000,1.2928000,1.2957000,1633101.8,1696683599999,2114538.86491000,7289,856622.6,1109220.84142000,0
1696683600000,1.2957000,1.2980000,1.2929000,1.2977000,1784449.2,1696687199999,2311238.85310000,8503,885240.6,1146743.26173000,0
1696687200000,1.2976000,1.2980000,1.2902000,1.2955000,2562701.3,1696690799999,3316050.29687000,10011,1167356.9,1510412.39856000,0
1696690800000,1.2956000,1.2957000,1.2850000,1.2880000,3630008.9,1696694399999,4680327.88945000,12413,1511463.7,1949124.98199000,0
1696694400000,1.2880000,1.2896000,1.2783000,1.2820000,4949631.2,1696697999999,6353734.56330000,15020,2009714.4,2580304.16615000,0
1696698000000,1.2819000,1.2834000,1.2764000,1.2826000,3330904.2,1696701599999,4264787.90057000,11915,1621606.7,2076736.01266000,0
1696701600000,1.2826000,1.2826000,1.2729000,1.2751000,3433134.6,1696705199999,4382390.31164000,14626,1619128.1,2067043.64960000,0
1696705200000,1.2751000,1.2770000,1.2714000,1.2733000,2138813.4,1696708799999,2723697.09503000,9354,1143016.9,1455619.66668000,0
1696708800000,1.2733000,1.2812000,1.2718000,1.2806000,1932142.8,1696712399999,2467026.11484000,9704,1184326.2,1512385.91635000,0
1696712400000,1.2805000,1.2866000,1.2803000,1.2862000,1307524,1696715999999,1677999.49197000,8361,743531.7,954191.01118000,0
1696716000000,1.2863000,1.2898000,1.2842000,1.2896000,1746609.4,1696719599999,2248333.32389000,7656,897806.9,1155742.84164000,0
1696719600000,1.2896000,1.2915000,1.2875000,1.2914000,1323211.7,1696723199999,1706431.34258000,5979,649204.5,837319.59146000,0
1696723200000,1.2914000,1.3043000,1.2908000,1.2988000,4619502,1696726799999,6000263.54552000,16452,2340643.9,3039959.71036000,0
1696726800000,1.2989000,1.2992000,1.2869000,1.2964000,5565250.3,1696730399999,7196523.21648000,14847,2506713.7,3242236.46460000,0
1696730400000,1.2964000,1.3015000,1.2919000,1.2924000,3243367.2,1696733999999,4205930.04714000,11140,1392959.2,1806967.27845000,0
1696734000000,1.2925000,1.2976000,1.2904000,1.2969000,2303033.1,1696737599999,2980613.83521000,9509,1274564.7,1649550.20530000,0
1696737600000,1.2970000,1.2983000,1.2790000,1.2796000,4307585.4,1696741199999,5549538.61586000,14464,1573301.9,2027849.03341000,0
1696741200000,1.2796000,1.2839000,1.2735000,1.2801000,5765110.6,1696744799999,7374445.00423000,18457,2999703.8,3836699.03698000,0
1696744800000,1.2801000,1.2839000,1.2741000,1.2751000,3149970.2,1696748399999,4026867.07281000,10050,1564337.3,2000100.80320000,0
1696748400000,1.2751000,1.2795000,1.2742000,1.2769000,1776275.9,1696751999999,2268146.29333000,8512,947105.5,1209429.85036000,0
1696752000000,1.2770000,1.2831000,1.2736000,1.2760000,3138857.6,1696755599999,4010037.12673000,11228,1662056.6,2123976.40341000,0
1696755600000,1.2760000,1.2781000,1.2650000,1.2723000,4700159.9,1696759199999,5974099.60785000,15701,2040117.7,2593623.48284000,0
1696759200000,1.2724000,1.2739000,1.2558000,1.2622000,5400479.6,1696762799999,6830058.25847000,18275,2205177.4,2790610.09897000,0
1696762800000,1.2620000,1.2657000,1.2541000,1.2599000,5054498.7,1696766399999,6372427.78511000,15663,2277366.1,2871554.19732000,0
1696766400000,1.2599000,1.2686000,1.2584000,1.2655000,2848699.2,1696769999999,3603719.11694000,10378,1512591.7,1913341.73878000,0
1696770000000,1.2655000,1.2787000,1.2606000,1.2724000,5682508.5,1696773599999,7221901.34648000,20449,2774730.3,3526502.62363000,0
1696773600000,1.2724000,1.2792000,1.2704000,1.2735000,3158497.7,1696777199999,4026662.13590000,14094,1436126.1,1831030.27171000,0
1696777200000,1.2735000,1.2741000,1.2651000,1.2695000,3187439.6,1696780799999,4044690.41487000,13431,1450704.6,1840406.85153000,0
1696780800000,1.2696000,1.2756000,1.2673000,1.2684000,3125651.7,1696784399999,3973551.13862000,14107,1611244.7,2048251.79273000,0
1696784400000,1.2685000,1.2708000,1.2660000,1.2690000,1844783,1696787999999,2339520.34319000,7476,871583,1105360.78446000,0
1696788000000,1.2689000,1.2759000,1.2657000,1.2749000,5154160.7,1696791599999,6553150.36668000,14710,2797364.7,3556313.44111000,0
1696791600000,1.2750000,1.2799000,1.2738000,1.2780000,2009846,1696795199999,2566994.64588000,9478,900981.7,1150889.76931000,0
1696795200000,1.2780000,1.2823000,1.2745000,1.2812000,1801824.1,1696798799999,2303422.40404000,9440,831347,1062930.36821000,0
1696798800000,1.2813000,1.2838000,1.2751000,1.2757000,1580864.4,1696802399999,2024743.57831000,7353,676612.4,866902.91332000,0
1696802400000,1.2757000,1.2773000,1.2719000,1.2739000,2567442.9,1696805999999,3271132.18454000,11477,1231220.7,1568662.88175000,0
1696806000000,1.2740000,1.2804000,1.2725000,1.2795000,2195513.4,1696809599999,2802388.83397000,9107,1029049.4,1313481.94500000,0
1696809600000,1.2795000,1.2808000,1.2697000,1.2759000,3756479.2,1696813199999,4794246.88850000,14080,1763017.5,2249665.57050000,0
1696813200000,1.2760000,1.2837000,1.2707000,1.2804000,3528324.3,1696816799999,4506378.67264000,12859,1816017.8,2319561.85319000,0
1696816800000,1.2805000,1.2849000,1.2748000,1.2765000,4858032.5,1696820399999,6219345.78238000,12958,2419602.8,3097533.93401000,0
1696820400000,1.2765000,1.2850000,1.2764000,1.2800000,2822792.5,1696823999999,3613813.05636000,10948,1416470.2,1813247.45078000,0
1696824000000,1.2801000,1.2876000,1.2796000,1.2835000,2709642.3,1696827599999,3479159.14133000,10133,1422797.1,1826540.75544000,0
1696827600000,1.2835000,1.2877000,1.2788000,1.2790000,2277962.3,1696831199999,2925119.61276000,8683,1012535.2,1300273.70713000,0
1696831200000,1.2790000,1.2811000,1.2767000,1.2809000,1928163.3,1696834799999,2466079.58919000,9157,1011227.5,1293428.61797000,0
1696834800000,1.2809000,1.2819000,1.2680000,1.2722000,4061978.4,1696838399999,5173089.85070000,16658,1834682.7,2336434.00435000,0
1696838400000,1.2721000,1.2739000,1.2573000,1.2615000,6434890.4,1696841999999,8141068.65946000,20646,2893330.9,3660209.50366000,0
1696842000000,1.2614000,1.2642000,1.1711000,1.2174000,32510541.7,1696845599999,39793288.65647000,84259,14034435.3,17175330.37738000,0
1696845600000,1.2174000,1.2262000,1.2139000,1.2187000,14098377.2,1696849199999,17203040.13967000,38204,6860537.9,8372456.87355000,0
1696849200000,1.2188000,1.2214000,1.2134000,1.2205000,7466249.5,1696852799999,9097475.89997000,19677,3604799.6,4392950.51481000,0
1696852800000,1.2204000,1.2268000,1.2162000,1.2208000,6325557.6,1696856399999,7722479.30164000,17850,3175908.1,3878048.69723000,0
1696856400000,1.2209000,1.2267000,1.2181000,1.2203000,5561329.9,1696859999999,6792358.68789000,15808,2580339.4,3151087.66641000,0
1696860000000,1.2204000,1.2238000,1.2124000,1.2155000,5002541.2,1696863599999,6091364.74761000,14067,2287189.4,2785284.14466000,0
1696863600000,1.2155000,1.2180000,1.2073000,1.2109000,6237127.1,1696867199999,7562762.25889000,16610,2863090.1,3472055.28852000,0
1696867200000,1.2109000,1.2213000,1.1782000,1.2175000,29389938.4,1696870799999,35470691.23911000,84890,14879359.8,17974096.87323000,0
1696870800000,1.2175000,1.2290000,1.2082000,1.2285000,9451109,1696874399999,11533784.63494000,28203,4750949.6,5798602.45412000,0
1696874400000,1.2285000,1.2394000,1.2263000,1.2289000,7581720.4,1696877999999,9347302.12065000,22568,3875249.4,4777563.32622000,0
1696878000000,1.2290000,1.2376000,1.2274000,1.2363000,3665455.7,1696881599999,4519182.06734000,11440,1866164.2,2301163.69414000,0
1696881600000,1.2363000,1.2412000,1.2257000,1.2262000,4260658.4,1696885199999,5259222.97905000,12573,1993595.1,2461373.08177000,0
1696885200000,1.2263000,1.2306000,1.2123000,1.2304000,6771009.3,1696888799999,8277712.09901000,15733,3305525,4046065.41673000,0
1696888800000,1.2304000,1.2317000,1.2216000,1.2225000,2730542.8,1696892399999,3349814.42196000,10276,1259152.2,1544707.12957000,0
1696892400000,1.2225000,1.2292000,1.2220000,1.2276000,2383323.9,1696895999999,2921273.77485000,9366,1156905.4,1418132.05744000,0
1696896000000,1.2275000,1.2330000,1.2204000,1.2242000,4119027.3,1696899599999,5058617.26956000,17160,2069156,2541153.16529000,0
1696899600000,1.2240000,1.2268000,1.2172000,1.2218000,3349893.8,1696903199999,4093685.54752000,13223,1586528.7,1938915.92724000,0
1696903200000,1.2218000,1.2333000,1.2166000,1.2326000,3436968.4,1696906799999,4207581.38084000,13365,1890324.3,2314319.81244000,0
1696906800000,1.2328000,1.2338000,1.2276000,1.2321000,3025857,1696910399999,3724638.79651000,12368,1608506.2,1979926.53559000,0
1696910400000,1.2322000,1.2330000,1.2288000,1.2307000,2148823,1696913999999,2644965.54422000,8603,1118298.4,1376554.19862000,0
1696914000000,1.2308000,1.2383000,1.2286000,1.2378000,2843318.5,1696917599999,3507933.26027000,11335,1525726.4,1882601.43064000,0
1696917600000,1.2379000,1.2398000,1.2357000,1.2395000,2982294.6,1696921199999,3692071.15606000,9850,1425758.9,1765266.23574000,0
1696921200000,1.2395000,1.2442000,1.2363000,1.2370000,3846751.8,1696924799999,4771942.62928000,13319,1964629.7,2437359.21586000,0
1696924800000,1.2369000,1.2420000,1.2300000,1.2303000,5463498.7,1696928399999,6754587.74256000,16289,2428751.6,3002921.63886000,0
1696928400000,1.2303000,1.2391000,1.2279000,1.2378000,4126931.8,1696931999999,5090504.03909000,15494,2256354.6,2782675.72770000,0
1696932000000,1.2378000,1.2387000,1.2300000,1.2337000,3967545.2,1696935599999,4897941.16893000,14582,2028522.5,2504299.16439000,0
1696935600000,1.2337000,1.2349000,1.2252000,1.2262000,4017647,1696939199999,4943753.80842000,15558,1947935.5,2397290.68765000,0
1696939200000,1.2262000,1.2332000,1.2200000,1.2227000,4609614.6,1696942799999,5655876.65585000,16898,2328184,2857073.65204000,0
1696942800000,1.2227000,1.2324000,1.2220000,1.2288000,4314345.8,1696946399999,5295945.22376000,15656,2099176.3,2577023.87476000,0
1696946400000,1.2288000,1.2410000,1.2215000,1.2275000,9022882.4,1696949999999,11128313.85698000,28266,4489577.4,5537152.52051000,0
1696950000000,1.2275000,1.2386000,1.2235000,1.2350000,7903435.9,1696953599999,9729537.05102000,25253,4043728.9,4978192.69670000,0
1696953600000,1.2351000,1.2407000,1.2297000,1.2345000,7684441.1,1696957199999,9489514.96219000,24600,3816112.6,4713229.81632000,0
1696957200000,1.2344000,1.2375000,1.2278000,1.2375000,4973225.9,1696960799999,6130594.39066000,17269,2245833.7,2769024.26246000,0
1696960800000,1.2375000,1.2409000,1.2335000,1.2387000,3958577.2,1696964399999,4897948.68542000,14390,1963342.4,2429429.74811000,0
1696964400000,1.2387000,1.2424000,1.2361000,1.2423000,2940768.5,1696967999999,3643064.51870000,12707,1422783.4,1762915.63049000,0
1696968000000,1.2423000,1.2441000,1.2249000,1.2362000,4666058.7,1696971599999,5759929.71181000,16916,2286784.5,2823151.92407000,0
1696971600000,1.2361000,1.2490000,1.2333000,1.2453000,3796073.6,1696975199999,4719002.54333000,13734,2179063.2,2709079.63476000,0
1696975200000,1.2454000,1.2521000,1.2453000,1.2476000,2457041.6,1696978799999,3067921.52604000,9405,1412550.8,1763986.06685000,0
1696978800000,1.2476000,1.2495000,1.2400000,1.2419000,3686618.8,1696982399999,4592559.06154000,11643,1686106.7,2100801.75506000,0
1696982400000,1.2419000,1.2463000,1.2371000,1.2442000,4572351.9,1696985999999,5677244.75544000,16597,2315816.9,2875795.39429000,0
1696986000000,1.2440000,1.2476000,1.2421000,1.2439000,2892554.9,1696989599999,3600150.03360000,11368,1479905.7,1841853.45233000,0
1696989600000,1.2438000,1.2462000,1.2088000,1.2337000,12243788.2,1696993199999,15053981.57512000,43592,5715801,7027774.43765000,0
1696993200000,1.2337000,1.2391000,1.2273000,1.2322000,5655563.8,1696996799999,6977115.67702000,22388,2620952,3233696.00209000,0
1696996800000,1.2323000,1.2493000,1.2308000,1.2439000,5614283.1,1697000399999,6971536.97143000,21522,2865256.2,3557368.95922000,0
1697000400000,1.2439000,1.2474000,1.2368000,1.2389000,4891316.4,1697003999999,6077167.65233000,19434,2189741.2,2720648.50772000,0
1697004000000,1.2389000,1.2403000,1.2284000,1.2383000,6696072.8,1697007599999,8265189.53153000,22939,3035875.9,3747075.79014000,0
1697007600000,1.2382000,1.2428000,1.2323000,1.2390000,3811875.3,1697011199999,4720203.47528000,15762,1802702.9,2232072.27053000,0
1697011200000,1.2392000,1.2514000,1.2390000,1.2502000,5638687,1697014799999,7023391.15317000,19527,2923822.3,3642054.25116000,0
1697014800000,1.2502000,1.2550000,1.2460000,1.2506000,8385455.3,1697018399999,10488274.07327000,26177,4001416.7,5006622.01826000,0
1697018400000,1.2506000,1.2566000,1.2477000,1.2558000,4392837.6,1697021999999,5502055.37443000,18696,2213268.7,2772745.58250000,0
1697022000000,1.2558000,1.2579000,1.2475000,1.2516000,3192830,1697025599999,3998313.42544000,13442,1367824.4,1712758.18763000,0
1697025600000,1.2517000,1.2548000,1.2428000,1.2508000,5128589,1697029199999,6404957.11607000,18298,2387814.9,2981843.58050000,0
1697029200000,1.2509000,1.2510000,1.2441000,1.2488000,3469010.8,1697032799999,4325646.28821000,13124,1691429.3,2109289.05445000,0
1697032800000,1.2488000,1.2513000,1.2391000,1.2419000,4606413.1,1697036399999,5725755.08680000,16297,2163624.3,2689474.27907000,0
1697036400000,1.2420000,1.2427000,1.2251000,1.2409000,10896762.9,1697039999999,13462855.06440000,37340,5335591.8,6592881.23330000,0
1697040000000,1.2410000,1.2468000,1.2332000,1.2388000,7694055.4,1697043599999,9542288.80518000,28855,3816608,4733792.78046000,0
1697043600000,1.2386000,1.2449000,1.2346000,1.2380000,4072669.4,1697047199999,5048025.66850000,17440,2019801.3,2503525.19968000,0
1697047200000,1.2379000,1.2399000,1.2321000,1.2389000,2853700.6,1697050799999,3527232.06556000,13568,1506262.9,1862010.72659000,0
1697050800000,1.2389000,1.2416000,1.2373000,1.2386000,2237376.4,1697054399999,2772092.19139000,10975,1085136,1344601.70198000,0
1697054400000,1.2386000,1.2398000,1.2348000,1.2377000,2067541.1,1697057999999,2557441.28336000,8980,1118077.1,1382819.20491000,0
1697058000000,1.2378000,1.2404000,1.2344000,1.2377000,1392181.8,1697061599999,1722099.22767000,7462,803553.8,993990.22666000,0
1697061600000,1.2377000,1.2419000,1.2342000,1.2419000,2709114.2,1697065199999,3354200.75637000,11287,1436000.7,1778036.44729000,0
1697065200000,1.2419000,1.2456000,1.2394000,1.2449000,2256285,1697068799999,2803263.66577000,11401,1047760.3,1301952.79700000,0
1697068800000,1.2451000,1.2481000,1.2376000,1.2376000,3651138,1697072399999,4542392.20659000,17269,1474947,1835130.86753000,0
1697072400000,1.2376000,1.2382000,1.2262000,1.2268000,4772734.1,1697075999999,5876372.87549000,16805,2209718.3,2720841.93553000,0
1697076000000,1.2269000,1.2376000,1.2223000,1.2337000,3521613.3,1697079599999,4329207.40072000,14916,1654145.8,2034259.44377000,0
1697079600000,1.2338000,1.2349000,1.2251000,1.2294000,2129320.6,1697083199999,2616707.98807000,9798,1135228.5,1395101.05752000,0
1697083200000,1.2294000,1.2295000,1.2256000,1.2257000,1761797.3,1697086799999,2162393.08947000,8513,818106.4,1004084.46985000,0
1697086800000,1.2257000,1.2277000,1.2197000,1.2277000,2675852.1,1697090399999,3272011.68760000,9848,1158283.4,1416829.70749000,0
1697090400000,1.2276000,1.2299000,1.2218000,1.2234000,2943989.4,1697093999999,3609241.95631000,10477,1437858.3,1762649.78382000,0
1697094000000,1.2234000,1.2285000,1.2205000,1.2242000,2158574.5,1697097599999,2644446.98329000,8934,1074627.7,1316428.14874000,0
1697097600000,1.2242000,1.2253000,1.2170000,1.2191000,2964128.2,1697101199999,3618548.28745000,10389,1402527.7,1712524.15495000,0
1697101200000,1.2191000,1.2238000,1.1880000,1.2007000,12427200.9,1697104799999,15006388.93880000,37284,5633564.7,6808734.34917000,0
1697104800000,1.2008000,1.2064000,1.1980000,1.2031000,6309647.8,1697108399999,7585622.50799000,19286,3038969.4,3654036.12491000,0
1697108400000,1.2030000,1.2162000,1.2017000,1.2155000,6126333.1,1697111999999,7396808.60640000,17460,3257890.9,3933236.32298000,0
1697112000000,1.2154000,1.2168000,1.2053000,1.2078000,5199552.5,1697115599999,6294528.00540000,19993,2417213.8,2925703.29061000,0
1697115600000,1.2078000,1.2124000,1.1951000,1.2028000,5585782.6,1697119199999,6720040.04299000,17787,2484781.9,2991014.91084000,0
1697119200000,1.2026000,1.2052000,1.1915000,1.1967000,5887230.4,1697122799999,7050759.99567000,17942,2947261.8,3530621.13409000,0
1697122800000,1.1965000,1.2018000,1.1863000,1.1914000,6259720.5,1697126399999,7470248.71941000,18069,2966598.4,3541154.37139000,0
1697126400000,1.1915000,1.1936000,1.1500000,1.1728000,23978686.5,1697129999999,28227808.14624000,55458,10672789.5,12577170.80164000,0
1697130000000,1.1728000,1.1842000,1.1681000,1.1820000,7777108,1697133599999,9151476.31439000,25673,3944203.1,4641971.09030000,0
1697133600000,1.1820000,1.1831000,1.1737000,1.1749000,4590581.2,1697137199999,5411124.68385000,17442,2351928.2,2772150.45987000,0
1697137200000,1.1748000,1.1789000,1.1713000,1.1753000,4022795.8,1697140799999,4727605.38054000,14462,2015213.6,2368566.57978000,0
1697140800000,1.1753000,1.1805000,1.1729000,1.1803000,3137554.5,1697144399999,3690796.59135000,12777,1472253.7,1732104.94086000,0
1697144400000,1.1803000,1.1873000,1.1791000,1.1870000,2075915.8,1697147999999,2455540.15897000,9152,1107705.9,1310442.32296000,0
1697148000000,1.1871000,1.1891000,1.1843000,1.1881000,2271345.4,1697151599999,2695821.16630000,8996,1012352.2,1201644.67920000,0
1697151600000,1.1881000,1.1903000,1.1855000,1.1897000,1788620.9,1697155199999,2125166.60878000,8264,861198.4,1023289.52681000,0
1697155200000,1.1896000,1.1991000,1.1874000,1.1983000,4009544.9,1697158799999,4785908.76451000,15894,2154570.3,2572488.58630000,0
1697158800000,1.1982000,1.2008000,1.1945000,1.1973000,2341855.9,1697162399999,2803951.66183000,9915,1216394.3,1456561.86688000,0
1697162400000,1.1973000,1.1996000,1.1942000,1.1974000,1939581.3,1697165999999,2322076.80244000,8478,947214,1134111.13943000,0
1697166000000,1.1975000,1.1986000,1.1903000,1.1908000,2770536.1,1697169599999,3307037.46478000,10833,983732.5,1174361.26087000,0
1697169600000,1.1909000,1.1945000,1.1882000,1.1909000,2171552.7,1697173199999,2586242.42170000,9197,945507.9,1126214.75832000,0
1697173200000,1.1910000,1.1933000,1.1872000,1.1877000,1426657,1697176799999,1697557.53910000,6307,657238.8,782242.31904000,0
1697176800000,1.1878000,1.1939000,1.1874000,1.1897000,1649699.4,1697180399999,1963599.21042000,7481,821093.6,977509.33403000,0
1697180400000,1.1898000,1.2015000,1.1893000,1.1938000,3406811,1697183999999,4076325.61624000,13164,1810097,2166301.16846000,0
1697184000000,1.1938000,1.1994000,1.1912000,1.1914000,2597434.8,1697187599999,3105614.53115000,9504,1253054.9,1498238.93568000,0
1697187600000,1.1914000,1.1949000,1.1873000,1.1888000,2380612.7,1697191199999,2836102.49882000,9110,1085214.1,1293051.13331000,0
1697191200000,1.1889000,1.1912000,1.1885000,1.1889000,1769903.1,1697194799999,2105709.40627000,7115,918752.5,1093046.45090000,0
1697194800000,1.1890000,1.1972000,1.1886000,1.1944000,2506741.6,1697198399999,2991588.35140000,10456,1354761.3,1616851.29686000,0
1697198400000,1.1943000,1.2042000,1.1918000,1.2031000,3919352.8,1697201999999,4701437.95836000,14146,2108377.3,2529465.07571000,0
1697202000000,1.2031000,1.2046000,1.1975000,1.2010000,2738676.9,1697205599999,3288582.64224000,11189,1286140.3,1544561.60684000,0
1697205600000,1.2010000,1.2029000,1.1963000,1.1971000,2526509.6,1697209199999,3030965.37825000,11797,1119107.7,1342778.19811000,0
1697209200000,1.1970000,1.1997000,1.1937000,1.1969000,2460717.5,1697212799999,2945352.16617000,10803,1088235.6,1302674.00300000,0
1697212800000,1.1968000,1.2070000,1.1966000,1.2052000,3609156.8,1697216399999,4339218.44425000,13786,1914460.7,2301980.00571000,0
1697216400000,1.2052000,1.2065000,1.1968000,1.1983000,2502410,1697219999999,3005383.75380000,10810,1118434,1343219.68162000,0
1697220000000,1.1982000,1.2002000,1.1960000,1.1991000,1442401.9,1697223599999,1728360.19920000,8208,736159.1,882197.87228000,0
1697223600000,1.1991000,1.2017000,1.1953000,1.1990000,1897592.5,1697227199999,2275382.74607000,10700,968385.3,1161344.81756000,0
1697227200000,1.1990000,1.2209000,1.1986000,1.2202000,6157545.1,1697230799999,7458354.17896000,22188,3704559.9,4487844.48375000,0
1697230800000,1.2203000,1.2539000,1.2148000,1.2195000,14263937.3,1697234399999,17511714.90519000,41664,7758155.5,9532125.32731000,0
1697234400000,1.2195000,1.2274000,1.2073000,1.2116000,5089992.1,1697237999999,6202799.95153000,17285,2497185.3,3044295.39061000,0
1697238000000,1.2117000,1.2121000,1.2064000,1.2072000,2168311.7,1697241599999,2620559.17090000,10692,1117595.9,1350780.93489000,0
1697241600000,1.2073000,1.2149000,1.2054000,1.2121000,2573512.7,1697245199999,3117079.05470000,10569,1464657.5,1773758.76068000,0
1697245200000,1.2120000,1.2189000,1.2059000,1.2171000,2348205.4,1697248799999,2844897.80362000,9254,1313082.3,1591277.59749000,0
1697248800000,1.2172000,1.2215000,1.2145000,1.2148000,2622345,1697252399999,3192200.96185000,9728,1335504.6,1626023.36325000,0
1697252400000,1.2149000,1.2177000,1.2135000,1.2172000,1506896,1697255999999,1830986.86121000,6273,751753.9,913530.61430000,0
1697256000000,1.2172000,1.2195000,1.2147000,1.2161000,1266381.9,1697259599999,1541591.23352000,5576,694441.9,845366.25594000,0
1697259600000,1.2160000,1.2161000,1.2117000,1.2132000,1586265.4,1697263199999,1926103.91860000,6461,641882.9,779447.76928000,0
1697263200000,1.2132000,1.2138000,1.2066000,1.2079000,1690197.2,1697266799999,2044136.40234000,7260,813477.6,983873.77253000,0
1697266800000,1.2078000,1.2103000,1.2061000,1.2103000,1145501.8,1697270399999,1384399.00092000,6562,744638.1,900018.45681000,0
1697270400000,1.2104000,1.2116000,1.2073000,1.2107000,1570759.5,1697273999999,1899502.93993000,6863,865305.1,1046518.05016000,0
1697274000000,1.2108000,1.2123000,1.2069000,1.2086000,1509241.6,1697277599999,1825575.81826000,7834,718497.4,869230.90527000,0
1697277600000,1.2086000,1.2097000,1.2045000,1.2061000,1494654.8,1697281199999,1803966.75352000,5968,749216.1,904402.93722000,0
1697281200000,1.2062000,1.2063000,1.2009000,1.2040000,2256783.1,1697284799999,2715466.66462000,7884,1082819.4,1302905.71799000,0
1697284800000,1.2041000,1.2069000,1.2017000,1.2063000,2173186.4,1697288399999,2617795.88146000,10350,1132022.5,1363633.07325000,0
1697288400000,1.2064000,1.2102000,1.2047000,1.2089000,1981914.2,1697291999999,2392878.08755000,10260,1101721.2,1330240.85507000,0
1697292000000,1.2088000,1.2105000,1.2051000,1.2076000,2338215.3,1697295599999,2823836.76685000,9533,1038297.3,1254112.46759000,0
1697295600000,1.2075000,1.2139000,1.2071000,1.2103000,3581971.7,1697299199999,4337309.95957000,10873,1773057.3,2146751.22022000,0
1697299200000,1.2104000,1.2116000,1.2053000,1.2090000,2494462.6,1697302799999,3015227.07364000,9200,1295436.2,1566048.04533000,0
1697302800000,1.2089000,1.2104000,1.2064000,1.2071000,1477349.1,1697306399999,1785310.74685000,5536,794697.7,960359.49379000,0
1697306400000,1.2070000,1.2078000,1.2032000,1.2041000,1479430.5,1697309999999,1782385.37637000,5710,763979.7,920463.01692000,0
1697310000000,1.2041000,1.2043000,1.1952000,1.1995000,3517062,1697313599999,4218356.65952000,10309,1507060.1,1807426.28033000,0
1697313600000,1.1995000,1.1995000,1.1958000,1.1978000,1531866.2,1697317199999,1834407.48737000,5057,789619.9,945623.86773000,0
1697317200000,1.1978000,1.2032000,1.1977000,1.1995000,1820261.5,1697320799999,2185587.42940000,6401,900854.3,1081657.76331000,0
1697320800000,1.1996000,1.2012000,1.1970000,1.1987000,1839495.3,1697324399999,2205954.08376000,6717,976207.8,1170773.44224000,0
1697324400000,1.1987000,1.2025000,1.1971000,1.1975000,1338173.3,1697327999999,1605701.12337000,7225,687389.3,825068.63212000,0
1697328000000,1.1975000,1.2023000,1.1899000,1.1929000,3848429.7,1697331599999,4595916.44144000,11795,1760887.3,2103208.66282000,0
1697331600000,1.1929000,1.2097000,1.1920000,1.2024000,4013703.9,1697335199999,4830258.72369000,15177,1909948.7,2298231.14020000,0
1697335200000,1.2023000,1.2041000,1.1989000,1.2026000,1855756.9,1697338799999,2229272.85642000,10457,942814.1,1132553.08602000,0
1697338800000,1.2025000,1.2029000,1.1975000,1.1980000,1681013.1,1697342399999,2017937.05554000,6967,828668.8,994882.70949000,0
1697342400000,1.1979000,1.1992000,1.1952000,1.1986000,1469247,1697345999999,1759195.42203000,6932,708991.6,848976.34214000,0
1697346000000,1.1987000,1.2008000,1.1968000,1.2001000,1011985.6,1697349599999,1213589.77367000,5478,550310.7,659977.74254000,0
1697349600000,1.2001000,1.2005000,1.1971000,1.1990000,1048507.5,1697353199999,1256943.21135000,4594,511937.6,613725.55100000,0
1697353200000,1.1988000,1.1995000,1.1966000,1.1986000,1013011.3,1697356799999,1213623.34656000,5416,459217.4,550153.25448000,0
1697356800000,1.1987000,1.2022000,1.1971000,1.2009000,1866368.1,1697360399999,2239601.67923000,7173,984799.7,1181677.21749000,0
1697360400000,1.2009000,1.2031000,1.1997000,1.2015000,1502049.1,1697363999999,1804820.60638000,7613,780046,937324.19081000,0
1697364000000,1.2014000,1.2055000,1.2003000,1.2036000,1304228.8,1697367599999,1568822.06965000,5378,660517.3,794551.31292000,0
1697367600000,1.2036000,1.2036000,1.1996000,1.2000000,1571457.3,1697371199999,1887390.47235000,7035,717940.6,862264.26786000,0
1697371200000,1.2000000,1.2001000,1.1955000,1.1956000,1694948.4,1697374799999,2030693.79831000,6596,715506,857267.66856000,0
1697374800000,1.1956000,1.2028000,1.1860000,1.1883000,7147636.2,1697378399999,8529090.40775000,20049,3363103.2,4013541.78778000,0
1697378400000,1.1883000,1.1938000,1.1882000,1.1898000,2508880.1,1697381999999,2988212.63355000,9719,1134471.7,1351259.42548000,0
1697382000000,1.1899000,1.1945000,1.1881000,1.1931000,1449308.6,1697385599999,1726946.98189000,6282,753876.9,898407.27886000,0
1697385600000,1.1932000,1.2008000,1.1914000,1.1991000,2849599.6,1697389199999,3407632.16483000,9564,1328990,1589972.85055000,0
1697389200000,1.1991000,1.2044000,1.1971000,1.2008000,3071523.4,1697392799999,3688710.29215000,13244,1592726,1912978.51203000,0
1697392800000,1.2008000,1.2089000,1.1998000,1.2079000,2458991.9,1697396399999,2963186.81100000,10768,1341503,1616469.58683000,0
1697396400000,1.2079000,1.2090000,1.2027000,1.2076000,1803148.1,1697399999999,2173512.48374000,7198,814963.9,982297.18911000,0
1697400000000,1.2077000,1.2155000,1.2053000,1.2134000,4706529.8,1697403599999,5701400.84764000,14483,2444370.9,2961136.27779000,0
1697403600000,1.2134000,1.2150000,1.2066000,1.2069000,2011646.1,1697407199999,2434790.40418000,8661,883887.6,1069750.88218000,0
1697407200000,1.2068000,1.2145000,1.2038000,1.2079000,3051684.6,1697410799999,3691289.99383000,11917,1694213.2,2049211.59688000,0
1697410800000,1.2078000,1.2109000,1.2060000,1.2093000,2066192.1,1697414399999,2497017.10890000,9611,1074875.5,1299017.97110000,0
1697414400000,1.2093000,1.2169000,1.2082000,1.2115000,3791340.2,1697417999999,4599741.45239000,13387,2101305.9,2549571.97450000,0
1697418000000,1.2116000,1.2214000,1.2108000,1.2174000,2681603.7,1697421599999,3265043.68045000,10096,1334301.3,1624703.19266000,0
1697421600000,1.2174000,1.2185000,1.2121000,1.2127000,1567497.4,1697425199999,1905441.38158000,7616,707663,860293.35623000,0
1697425200000,1.2127000,1.2162000,1.2100000,1.2156000,1332404.6,1697428799999,1615864.62933000,6182,737651.2,894667.96023000,0
1697428800000,1.2155000,1.2162000,1.2107000,1.2137000,1248963.9,1697432399999,1515002.80729000,5870,516713.1,626753.21430000,0
1697432400000,1.2137000,1.2413000,1.2136000,1.2320000,13192225,1697435999999,16228371.98885000,40114,6827320.8,8398386.27294000,0
1697436000000,1.2319000,1.2340000,1.2234000,1.2285000,4161455.7,1697439599999,5112436.47370000,13024,1893138.8,2325839.34441000,0
1697439600000,1.2285000,1.2305000,1.2246000,1.2257000,1780767.3,1697443199999,2186035.49113000,8310,959941.5,1178455.62427000,0
1697443200000,1.2255000,1.2319000,1.2255000,1.2270000,2871061.9,1697446799999,3528466.23717000,10618,1494550.4,1836863.10887000,0
1697446800000,1.2269000,1.2278000,1.2211000,1.2276000,3103428.6,1697450399999,3799411.60175000,11990,1435897.9,1758330.91620000,0
1697450400000,1.2276000,1.2307000,1.2246000,1.2292000,2127589.5,1697453999999,2612273.30067000,8489,1025189.8,1258712.79442000,0
1697454000000,1.2293000,1.2307000,1.2254000,1.2276000,1894915.6,1697457599999,2327235.11224000,7251,783367.2,962247.47350000,0
1697457600000,1.2276000,1.2374000,1.2266000,1.2361000,3433894.7,1697461199999,4234599.15979000,12668,1950601.7,2405185.15371000,0
1697461200000,1.2362000,1.2710000,1.2060000,1.2196000,38252953.4,1697464799999,47522768.36324000,119130,18179012.9,22597006.95831000,0
1697464800000,1.2195000,1.2247000,1.2121000,1.2219000,9405461.9,1697468399999,11469625.53056000,33240,4690735.8,5721467.46454000,0
1697468400000,1.2218000,1.2251000,1.2085000,1.2125000,5353370.1,1697471999999,6509654.15551000,18981,2287630.6,2781985.38598000,0
1697472000000,1.2125000,1.2192000,1.2118000,1.2184000,2902976,1697475599999,3531255.56337000,11667,1339074.1,1628834.34003000,0
1697475600000,1.2185000,1.2224000,1.2156000,1.2172000,3201907.4,1697479199999,3903966.84504000,10441,1769043.7,2157189.86631000,0
1697479200000,1.2172000,1.2275000,1.2168000,1.2267000,3923648.3,1697482799999,4794645.84413000,12961,2216943.5,2708905.16693000,0
1697482800000,1.2267000,1.2379000,1.2250000,1.2301000,8502693.7,1697486399999,10485002.25437000,21268,4450427,5489169.06070000,0
1697486400000,1.2300000,1.2355000,1.2275000,1.2294000,2395006.4,1697489999999,2951340.81215000,9161,1090975.4,1344599.11577000,0
1697490000000,1.2295000,1.2320000,1.2237000,1.2311000,2637668.9,1697493599999,3237710.08051000,9266,1349554.8,1656938.09971000,0
1697493600000,1.2310000,1.2386000,1.2310000,1.2345000,2493978,1697497199999,3078352.56157000,9319,1277918.2,1577494.14920000,0
1697497200000,1.2344000,1.2358000,1.2305000,1.2341000,2246918.3,1697500799999,2771157.90903000,8252,1182592.3,1458534.54532000,0
1697500800000,1.2340000,1.2390000,1.2277000,1.2295000,3764672.4,1697504399999,4644150.47579000,13682,1805428.3,2227657.92324000,0
1697504400000,1.2294000,1.2339000,1.2292000,1.2307000,1488388,1697507999999,1833140.24829000,7688,759153.1,935044.96495000,0
1697508000000,1.2306000,1.2341000,1.2276000,1.2314000,2019673.3,1697511599999,2486317.85414000,8622,975711.6,1201268.03939000,0
1697511600000,1.2314000,1.2322000,1.2229000,1.2233000,1697325.2,1697515199999,2082263.44929000,6488,714057.7,876230.05702000,0
1697515200000,1.2232000,1.2282000,1.2181000,1.2269000,2655013.1,1697518799999,3246038.80131000,10044,1247430,1525652.63653000,0
1697518800000,1.2269000,1.2295000,1.2229000,1.2252000,1552635.8,1697522399999,1904070.19631000,5969,813985.1,998356.15315000,0
1697522400000,1.2252000,1.2255000,1.2195000,1.2237000,1574584.9,1697525999999,1924315.07203000,6105,732276.8,894939.96973000,0
1697526000000,1.2238000,1.2311000,1.2223000,1.2285000,2314949.3,1697529599999,2838971.05128000,9370,1206577.9,1479674.75931000,0
1697529600000,1.2284000,1.2307000,1.2249000,1.2278000,2714066.4,1697533199999,3331661.92736000,9101,1201954,1475490.92051000,0
1697533200000,1.2277000,1.2330000,1.2275000,1.2314000,2597148.6,1697536799999,3194802.27173000,9107,1440346.8,1771942.83562000,0
1697536800000,1.2314000,1.2342000,1.2268000,1.2278000,2183212,1697540399999,2686637.34150000,8676,1053381.2,1296553.87391000,0
1697540400000,1.2278000,1.2287000,1.2243000,1.2250000,1457655.4,1697543999999,1787981.17220000,7886,681698.7,836158.43334000,0
1697544000000,1.2249000,1.2264000,1.2127000,1.2144000,4724325.1,1697547599999,5760731.32230000,16758,2034010.1,2479891.72495000,0
1697547600000,1.2143000,1.2171000,1.1798000,1.1950000,12554318.1,1697551199999,15064144.76806000,41491,5642328.4,6774202.04012000,0
1697551200000,1.1949000,1.2032000,1.1932000,1.1965000,5463371.3,1697554799999,6547708.79940000,20664,2837917.2,3402130.34405000,0
1697554800000,1.1964000,1.2075000,1.1957000,1.2020000,4031564.3,1697558399999,4849320.03490000,15072,2185628.6,2628889.00961000,0
1697558400000,1.2020000,1.2073000,1.1998000,1.2000000,3023350.6,1697561999999,3637780.83310000,10563,1438550.9,1730816.28970000,0
1697562000000,1.2000000,1.2002000,1.1917000,1.1945000,3271542.7,1697565599999,3911759.74855000,10683,1562976.6,1868738.77080000,0
1697565600000,1.1946000,1.1967000,1.1818000,1.1864000,3151473.8,1697569199999,3749250.06991000,12230,1414337.8,1683176.85690000,0
1697569200000,1.1863000,1.1951000,1.1854000,1.1943000,2404556.9,1697572799999,2860690.99184000,9334,1433532.7,1705696.18274000,0
1697572800000,1.1942000,1.1945000,1.1891000,1.1933000,1434017.4,1697576399999,1710112.26645000,6823,725166.2,864795.49655000,0
1697576400000,1.1934000,1.1982000,1.1917000,1.1921000,1569108.1,1697579999999,1875235.89126000,6549,660506,789468.17510000,0
1697580000000,1.1920000,1.1921000,1.1886000,1.1917000,1805365.4,1697583599999,2149135.75893000,6344,775853.3,923603.81160000,0
1697583600000,1.1918000,1.1960000,1.1913000,1.1948000,1225452.7,1697587199999,1463768.02153000,5710,576170.1,688174.72908000,0
1697587200000,1.1948000,1.1975000,1.1899000,1.1941000,3162190.7,1697590799999,3772953.88883000,11398,1648528,1967025.32383000,0
1697590800000,1.1941000,1.1984000,1.1914000,1.1957000,1967601.5,1697594399999,2350337.03517000,8404,959329.3,1146152.24225000,0
1697594400000,1.1958000,1.1979000,1.1899000,1.1964000,2449571,1697597999999,2924822.25746000,9777,1180490.8,1409603.81807000,0
1697598000000,1.1965000,1.2050000,1.1954000,1.2035000,2128382.8,1697601599999,2554117.80534000,6928,1273265.7,1528254.62408000,0
1697601600000,1.2036000,1.2171000,1.1982000,1.2100000,5334887.4,1697605199999,6444441.38767000,16529,2642576.1,3193057.05674000,0
1697605200000,1.2100000,1.2130000,1.2051000,1.2071000,3778344.9,1697608799999,4567698.48411000,13856,1739434.1,2102952.72632000,0
1697608800000,1.2072000,1.2082000,1.2006000,1.2029000,2210291.9,1697612399999,2661441.04903000,7384,1048740.4,1262775.06650000,0
1697612400000,1.2029000,1.2070000,1.1974000,1.2032000,2796561.2,1697615999999,3361801.26924000,9285,1190747.8,1431500.63177000,0
1697616000000,1.2031000,1.2059000,1.1997000,1.2055000,1949207,1697619599999,2344981.04529000,6988,883096.4,1062657.30873000,0
1697619600000,1.2056000,1.2148000,1.1997000,1.1999000,4675839,1697623199999,5653379.20618000,12871,2151356.5,2600995.21114000,0
1697623200000,1.1999000,1.2085000,1.1993000,1.2039000,3201707.6,1697626799999,3856348.73798000,11564,1553495,1871126.36655000,0
1697626800000,1.2038000,1.2080000,1.2011000,1.2022000,2195758.7,1697630399999,2644298.05576000,7149,1014224,1221563.82971000,0
1697630400000,1.2022000,1.2041000,1.1932000,1.1958000,3721764.4,1697633999999,4459895.87645000,11615,1642952.3,1969227.86932000,0
1697634000000,1.1957000,1.1978000,1.1915000,1.1958000,3188023.4,1697637599999,3808453.13366000,10689,1608454.3,1921591.51352000,0
1697637600000,1.1957000,1.1970000,1.1868000,1.1917000,4103311.1,1697641199999,4891292.36614000,14663,2065587.3,2462412.93672000,0
1697641200000,1.1917000,1.1972000,1.1902000,1.1942000,2418908.1,1697644799999,2888287.86639000,8347,1188333.9,1418887.08934000,0
1697644800000,1.1943000,1.1984000,1.1911000,1.1956000,2418419.3,1697648399999,2890920.22327000,9059,1224986.3,1464474.09534000,0
1697648400000,1.1956000,1.1997000,1.1881000,1.1895000,2356900.6,1697651999999,2815996.43130000,8267,1135271.2,1356660.39303000,0
1697652000000,1.1895000,1.1922000,1.1863000,1.1883000,1896939.4,1697655599999,2255949.46024000,7238,949833.1,1129708.32675000,0
1697655600000,1.1882000,1.1882000,1.1801000,1.1848000,3343872,1697659199999,3959838.29234000,11375,1479424.5,1752365.46974000,0
1697659200000,1.1849000,1.1884000,1.1817000,1.1843000,1829726.1,1697662799999,2167831.44556000,9780,953134.2,1129374.69674000,0
1697662800000,1.1842000,1.1857000,1.1810000,1.1848000,1429034.5,1697666399999,1690858.33898000,6999,660629.1,781757.54533000,0
1697666400000,1.1847000,1.1909000,1.1840000,1.1904000,1751379.9,1697669999999,2080538.83454000,6221,1009405.9,1199242.61877000,0
1697670000000,1.1904000,1.1907000,1.1846000,1.1865000,1368609.1,1697673599999,1625032.72408000,6378,699103.5,830009.62066000,0
1697673600000,1.1865000,1.1885000,1.1827000,1.1871000,2170223.9,1697677199999,2574127.46504000,8487,1048880.7,1244342.50946000,0
1697677200000,1.1871000,1.1877000,1.1451000,1.1690000,11911969.9,1697680799999,13902221.58418000,37295,4846285.6,5656375.56833000,0
1697680800000,1.1690000,1.1693000,1.1632000,1.1690000,2984452.6,1697684399999,3481695.78777000,12721,1466340.7,1710824.20342000,0
1697684400000,1.1690000,1.1740000,1.1678000,1.1728000,2020349.1,1697687999999,2366064.48972000,7337,1093020.9,1280055.93848000,0
1697688000000,1.1727000,1.1764000,1.1697000,1.1761000,1918244.7,1697691599999,2250602.28418000,6215,934794,1097130.46196000,0
1697691600000,1.1761000,1.1803000,1.1752000,1.1774000,2219184.8,1697695199999,2614022.66469000,6610,1111422.3,1309190.94771000,0
1697695200000,1.1774000,1.1802000,1.1757000,1.1791000,1530846.9,1697698799999,1803187.30604000,5926,738496.5,869958.39429000,0
1697698800000,1.1792000,1.1805000,1.1750000,1.1782000,1564049,1697702399999,1842024.47419000,5668,703496.2,828715.57191000,0
1697702400000,1.1781000,1.1801000,1.1757000,1.1768000,1251158.6,1697705999999,1474239.49488000,7177,629990,742441.66142000,0
1697706000000,1.1768000,1.1810000,1.1730000,1.1745000,2323040.6,1697709599999,2734460.69286000,9541,1146610.9,1350082.62761000,0
1697709600000,1.1746000,1.1816000,1.1722000,1.1762000,3230840.1,1697713199999,3800648.37874000,10125,1640723.1,1930365.20975000,0
1697713200000,1.1763000,1.1790000,1.1750000,1.1773000,1662083.4,1697716799999,1956365.68089000,5493,797740.5,939143.91429000,0
1697716800000,1.1773000,1.1791000,1.1733000,1.1768000,1960941.6,1697720399999,2306879.65037000,6840,961982.5,1131833.90445000,0
1697720400000,1.1768000,1.1846000,1.1755000,1.1755000,2639002.5,1697723999999,3115212.19839000,9082,1405954.7,1659938.65659000,0
1697724000000,1.1756000,1.1815000,1.1735000,1.1797000,2901856.2,1697727599999,3413749.95135000,11511,1394362.1,1640757.43735000,0
1697727600000,1.1797000,1.1833000,1.1750000,1.1796000,3109374.8,1697731199999,3667179.16130000,12057,1674121.1,1974664.40326000,0
1697731200000,1.1797000,1.1900000,1.1770000,1.1781000,5153315.2,1697734799999,6094978.27844000,19145,2516840,2977273.99889000,0
1697734800000,1.1781000,1.1821000,1.1761000,1.1800000,2091021.9,1697738399999,2465471.30200000,8111,1004978.8,1185015.44513000,0
1697738400000,1.1800000,1.1820000,1.1751000,1.1751000,2135763.1,1697741999999,2517851.66321000,8043,1056883.1,1246135.62247000,0
1697742000000,1.1751000,1.1809000,1.1744000,1.1801000,1600307.9,1697745599999,1884530.33916000,6997,887101.1,1044721.13884000,0
1697745600000,1.1801000,1.1841000,1.1778000,1.1789000,2484113.2,1697749199999,2933542.27230000,9685,1223406.2,1444871.82401000,0
1697749200000,1.1789000,1.1794000,1.1680000,1.1680000,2963767.6,1697752799999,3476466.90590000,11164,1238063.6,1452723.72100000,0
1697752800000,1.1680000,1.1750000,1.1672000,1.1686000,2208932.1,1697756399999,2585423.23121000,8697,1115025.6,1305073.29980000,0
1697756400000,1.1687000,1.1719000,1.1671000,1.1690000,1724017,1697759999999,2015414.75537000,9030,901467.9,1053849.83120000,0
1697760000000,1.1690000,1.1715000,1.1656000,1.1672000,3543829.5,1697763599999,4142423.37693000,10637,1671632,1954366.31806000,0
1697763600000,1.1673000,1.1727000,1.1634000,1.1723000,2280742.3,1697767199999,2662159.29828000,8305,1084572.8,1266594.58363000,0
1697767200000,1.1723000,1.1896000,1.1721000,1.1867000,5133845,1697770799999,6070354.50373000,19396,2701848.1,3194882.71289000,0
1697770800000,1.1868000,1.1999000,1.1860000,1.1933000,6939491.1,1697774399999,8287259.85329000,22153,3676473.9,4390245.61057000,0
1697774400000,1.1934000,1.2044000,1.1919000,1.2031000,4642256.4,1697777999999,5569157.02296000,14441,2452907.5,2942631.14988000,0
1697778000000,1.2032000,1.2094000,1.2010000,1.2086000,3943927.8,1697781599999,4755755.28869000,12005,1903654.4,2295596.72870000,0
1697781600000,1.2087000,1.2108000,1.2016000,1.2073000,2606528.5,1697785199999,3143075.60257000,8127,1288921.3,1554589.89440000,0
1697785200000,1.2073000,1.2159000,1.2054000,1.2095000,3053185.9,1697788799999,3696973.15703000,11258,1632853.1,1977411.68710000,0
1697788800000,1.2096000,1.2426000,1.2094000,1.2385000,13035497.8,1697792399999,16031931.35892000,41120,7421410,9128162.32987000,0
1697792400000,1.2386000,1.2434000,1.2342000,1.2417000,5881664.2,1697795999999,7288244.07241000,19394,3038345,3765553.02786000,0
1697796000000,1.2418000,1.2534000,1.2311000,1.2317000,10398452.9,1697799599999,12939182.39989000,31486,5222505.5,6499997.96476000,0
1697799600000,1.2317000,1.2337000,1.2233000,1.2249000,5146916.3,1697803199999,6327824.94936000,15367,2385137.1,2932609.10517000,0
1697803200000,1.2249000,1.2287000,1.2168000,1.2204000,6159684.8,1697806799999,7529744.05544000,18181,2950040.5,3606597.91150000,0
1697806800000,1.2205000,1.2254000,1.2135000,1.2252000,3942518.8,1697810399999,4810243.98406000,12903,1971336.1,2406051.09346000,0
1697810400000,1.2251000,1.2294000,1.2172000,1.2260000,4037775.5,1697813999999,4941983.90024000,13894,2016653.7,2468593.45815000,0
1697814000000,1.2259000,1.2268000,1.2213000,1.2263000,2026019.7,1697817599999,2480461.98650000,8290,1037963.9,1270787.83367000,0
1697817600000,1.2263000,1.2296000,1.2211000,1.2215000,2385943.5,1697821199999,2925954.59563000,8864,1248018.2,1531172.19188000,0
1697821200000,1.2215000,1.2313000,1.2161000,1.2306000,2681876.9,1697824799999,3285423.23093000,10726,1284014.2,1573494.77229000,0
1697824800000,1.2306000,1.2324000,1.2264000,1.2267000,2055557.9,1697828399999,2527023.58035000,7597,985990.5,1212241.44386000,0
1697828400000,1.2266000,1.2316000,1.2256000,1.2311000,1385349.3,1697831999999,1701151.35052000,6171,731930.5,898921.81150000,0
1697832000000,1.2310000,1.2310000,1.2252000,1.2253000,1206041.6,1697835599999,1481835.21523000,6461,604023.8,742261.48858000,0
1697835600000,1.2253000,1.2335000,1.2252000,1.2323000,1391509.3,1697839199999,1711979.08427000,6783,934022.9,1149181.34617000,0
1697839200000,1.2322000,1.2388000,1.2317000,1.2383000,2454566.5,1697842799999,3032090.49016000,10537,1355611.2,1674850.25920000,0
1697842800000,1.2384000,1.2398000,1.2311000,1.2332000,1976711.4,1697846399999,2443402.59618000,9034,803871.7,994128.44409000,0
1697846400000,1.2332000,1.2371000,1.2310000,1.2360000,1896932.4,1697849999999,2341229.49539000,9093,981566.4,1211568.60870000,0
1697850000000,1.2360000,1.2361000,1.2294000,1.2314000,1330715.4,1697853599999,1639552.62403000,5573,607636.9,748631.25463000,0
1697853600000,1.2313000,1.2331000,1.2263000,1.2317000,2296115.3,1697857199999,2823288.54254000,8873,1175477.8,1445598.33642000,0
1697857200000,1.2317000,1.2327000,1.2234000,1.2260000,2290536.7,1697860799999,2810859.32320000,9716,1143334.3,1403085.02992000,0
1697860800000,1.2259000,1.2288000,1.2243000,1.2281000,1558560.8,1697864399999,1911964.37350000,8310,779861.5,956692.17640000,0
1697864400000,1.2281000,1.2321000,1.2275000,1.2311000,1180185.2,1697867999999,1451894.95183000,5986,669008.1,823011.05872000,0
1697868000000,1.2310000,1.2470000,1.2307000,1.2452000,4748863,1697871599999,5893223.19716000,16928,2643809.6,3280802.20700000,0
1697871600000,1.2453000,1.2489000,1.2418000,1.2486000,2035651.9,1697875199999,2534838.42305000,9217,981915.4,1223044.71361000,0
1697875200000,1.2487000,1.2492000,1.2430000,1.2439000,2138987.5,1697878799999,2665508.70383000,8131,993942.6,1238711.59649000,0
1697878800000,1.2438000,1.2440000,1.2376000,1.2392000,2926549.6,1697882399999,3628339.60128000,10849,1486592.4,1843049.39681000,0
1697882400000,1.2391000,1.2418000,1.2376000,1.2393000,1581692.6,1697885999999,1960769.06623000,7992,787712.1,976684.85488000,0
1697886000000,1.2392000,1.2515000,1.2384000,1.2510000,3769756,1697889599999,4697553.57010000,13980,2019281.2,2516279.72961000,0
1697889600000,1.2509000,1.2536000,1.2473000,1.2478000,3032612.6,1697893199999,3789265.45024000,10731,1574614.4,1967782.77125000,0
1697893200000,1.2480000,1.2667000,1.2457000,1.2654000,5770515.2,1697896799999,7251209.99863000,18912,3236952.8,4069569.94228000,0
1697896800000,1.2655000,1.2767000,1.2575000,1.2752000,7757949.6,1697900399999,9827552.55687000,23138,3833405.4,4857767.57826000,0
1697900400000,1.2752000,1.2801000,1.2625000,1.2713000,8068410.6,1697903999999,10257116.41173000,25647,3613557.5,4595098.26580000,0
1697904000000,1.2712000,1.2756000,1.2653000,1.2666000,4828386,1697907599999,6139849.52310000,16653,2302021.4,2927502.62024000,0
1697907600000,1.2667000,1.2884000,1.2656000,1.2845000,5836522.4,1697911199999,7466018.08812000,21228,3104863.9,3972379.03811000,0
1697911200000,1.2845000,1.2916000,1.2731000,1.2795000,5640699.8,1697914799999,7225880.04124000,22320,2644971.2,3389074.67036000,0
1697914800000,1.2794000,1.2812000,1.2686000,1.2751000,2857157.2,1697918399999,3639859.84823000,10454,1454714.2,1853354.74103000,0
1697918400000,1.2752000,1.2794000,1.2707000,1.2747000,2231525.4,1697921999999,2846495.09009000,9128,1119003.2,1427403.03929000,0
1697922000000,1.2746000,1.2791000,1.2722000,1.2757000,1463146.8,1697925599999,1865992.73546000,5962,604940.1,771737.18542000,0
1697925600000,1.2757000,1.2792000,1.2684000,1.2737000,2101163.5,1697929199999,2675537.78129000,8601,904320.8,1151654.97832000,0
1697929200000,1.2736000,1.2742000,1.2602000,1.2678000,3067072.1,1697932799999,3884055.49683000,10869,1171355.6,1484250.31222000,0
1697932800000,1.2678000,1.2752000,1.2609000,1.2704000,3626202.7,1697936399999,4600117.46771000,13586,1743239.3,2212384.46795000,0
1697936400000,1.2703000,1.2745000,1.2589000,1.2636000,3685575.9,1697939999999,4662218.10782000,15000,1631329.4,2064342.07583000,0
1697940000000,1.2635000,1.2650000,1.2547000,1.2575000,2692663.9,1697943599999,3389525.85716000,13170,1264674.5,1592006.57232000,0
1697943600000,1.2574000,1.2616000,1.2527000,1.2605000,2838928.4,1697947199999,3568085.55088000,10565,1585827.4,1993844.41706000,0
1697947200000,1.2604000,1.2765000,1.2584000,1.2741000,3209079.8,1697950799999,4073290.08952000,12779,1731209,2197576.87559000,0
1697950800000,1.2741000,1.2910000,1.2740000,1.2839000,6380355.4,1697954399999,8174971.07730000,19672,3618823.1,4636872.39257000,0
1697954400000,1.2840000,1.2850000,1.2739000,1.2819000,4474216.7,1697957999999,5726688.88936000,14396,2163522,2769241.77187000,0
1697958000000,1.2819000,1.2826000,1.2304000,1.2529000,14142036.3,1697961599999,17777300.85295000,40722,6111078.6,7679073.33035000,0
1697961600000,1.2529000,1.2579000,1.2411000,1.2483000,6014814,1697965199999,7520150.81993000,21971,2894558.1,3620321.02234000,0
1697965200000,1.2482000,1.2628000,1.2469000,1.2494000,5079249.4,1697968799999,6376774.20107000,17018,2594484.3,3258598.36351000,0
1697968800000,1.2495000,1.2643000,1.2495000,1.2603000,3304380.1,1697972399999,4156858.32498000,12335,1901851.7,2392049.74611000,0
1697972400000,1.2602000,1.2608000,1.2495000,1.2546000,3480586.2,1697975999999,4366120.42408000,11889,1673954.9,2099643.80731000,0
1697976000000,1.2546000,1.2663000,1.2533000,1.2602000,3543417.3,1697979599999,4471019.56180000,12304,1875564.2,2366103.49470000,0
1697979600000,1.2602000,1.2707000,1.2594000,1.2694000,3547030.1,1697983199999,4492221.77719000,13642,1925950,2439647.62125000,0
1697983200000,1.2693000,1.2730000,1.2595000,1.2629000,5689175.6,1697986799999,7202964.37777000,24299,2715193.2,3438056.50740000,0
1697986800000,1.2628000,1.2671000,1.2551000,1.2669000,4327634.4,1697990399999,5463312.43151000,21048,2145429.4,2708963.64656000,0
1697990400000,1.2669000,1.2859000,1.2654000,1.2781000,6127154.7,1697993999999,7824857.51040000,22226,3263691,4167229.13222000,0
1697994000000,1.2780000,1.2899000,1.2779000,1.2838000,4091391.3,1697997599999,5254418.24285000,16083,2018873.9,2592925.23747000,0
1697997600000,1.2838000,1.2882000,1.2809000,1.2811000,3667655.9,1698001199999,4707317.68964000,13344,1652660.9,2121370.02412000,0
1698001200000,1.2811000,1.2869000,1.2796000,1.2813000,2630349.2,1698004799999,3373565.41104000,9771,1148282.3,1472937.38288000,0
1698004800000,1.2812000,1.2874000,1.2802000,1.2873000,1975531.4,1698008399999,2535918.45941000,8205,961075.1,1233784.63572000,0
1698008400000,1.2873000,1.2874000,1.2770000,1.2794000,2052964.4,1698011999999,2632041.63915000,9381,751388.1,963263.13222000,0
1698012000000,1.2795000,1.3089000,1.2779000,1.3073000,8316614.6,1698015599999,10782596.09624000,28670,4738269.9,6144770.53455000,0
1698015600000,1.3074000,1.3164000,1.3021000,1.3156000,6828081.7,1698019199999,8933227.77522000,22657,3277190.7,4288853.87282000,0
1698019200000,1.3156000,1.3240000,1.3056000,1.3215000,9283961.1,1698022799999,12210953.64819000,28292,5099116.3,6709761.46171000,0
1698022800000,1.3215000,1.3332000,1.3167000,1.3216000,11348891.7,1698026399999,15017888.40262000,44337,5927070.1,7844099.36967000,0
1698026400000,1.3216000,1.3244000,1.3142000,1.3207000,4530813.8,1698029999999,5975357.90414000,17996,1866016.3,2461400.70557000,0
1698030000000,1.3207000,1.3356000,1.3142000,1.3258000,9619920.4,1698033599999,12732940.48291000,30099,4968957.1,6577477.56991000,0
1698033600000,1.3256000,1.3331000,1.3211000,1.3310000,6412142.6,1698037199999,8507893.11483000,22569,3236860.3,4295184.61619000,0
1698037200000,1.3309000,1.3352000,1.3202000,1.3206000,6959619.4,1698040799999,9246530.38962000,25043,3361063,4467217.93552000,0
1698040800000,1.3205000,1.3282000,1.3041000,1.3047000,6572605.1,1698044399999,8647321.84144000,22331,2874329.2,3783591.57184000,0
1698044400000,1.3048000,1.3128000,1.2880000,1.3052000,9080059.8,1698047999999,11830086.55906000,26819,4158583.4,5422090.13405000,0
1698048000000,1.3052000,1.3229000,1.3010000,1.3205000,6583005.4,1698051599999,8635660.11249000,18820,3591607.8,4713573.26703000,0
1698051600000,1.3205000,1.3234000,1.2933000,1.3083000,9352226.9,1698055199999,12239287.14483000,30345,4011791.1,5249514.53663000,0
1698055200000,1.3083000,1.3188000,1.3064000,1.3141000,3183863.7,1698058799999,4182892.35402000,12525,1554117.6,2041633.32096000,0
1698058800000,1.3141000,1.3195000,1.3103000,1.3143000,4690020,1698062399999,6168914.41455000,15153,2329761.3,3064581.08075000,0
1698062400000,1.3143000,1.3194000,1.3055000,1.3071000,4261747.9,1698065999999,5592840.66799000,15038,1791499.6,2351937.05552000,0
1698066000000,1.3071000,1.3074000,1.2773000,1.2860000,12139562.6,1698069599999,15653435.51940000,35638,5436396.5,7009732.06148000,0
1698069600000,1.2860000,1.2932000,1.2747000,1.2817000,7037228.1,1698073199999,9031011.08996000,25084,3495342.9,4487143.58105000,0
1698073200000,1.2817000,1.2875000,1.2730000,1.2833000,5831037,1698076799999,7467547.20221000,22788,2991320.6,3831634.44336000,0
1698076800000,1.2833000,1.3050000,1.2780000,1.3020000,7952765.1,1698080399999,10255463.54107000,32349,4138027.4,5337138.63447000,0
1698080400000,1.3021000,1.3052000,1.2809000,1.2973000,6905765,1698083999999,8937332.49025000,27908,3214560.3,4160277.60061000,0
1698084000000,1.2973000,1.3104000,1.2932000,1.3096000,7666936.6,1698087599999,9978369.34694000,26246,3969112.6,5166649.74951000,0
1698087600000,1.3096000,1.3174000,1.3050000,1.3120000,5773811.5,1698091199999,7575613.14125000,22504,2839060.3,3724787.95642000,0
1698091200000,1.3120000,1.3147000,1.2992000,1.3034000,5487071.9,1698094799999,7176809.39919000,21205,2452193.9,3207979.78805000,0
1698094800000,1.3035000,1.3205000,1.2967000,1.3188000,3491674.6,1698098399999,4569684.19061000,14229,1784359.7,2335802.17916000,0
1698098400000,1.3189000,1.3720000,1.3145000,1.3660000,27198818.2,1698101999999,36652894.78198000,96379,13592761.6,18319248.11374000,0
1698102000000,1.3661000,1.3780000,1.3393000,1.3616000,18673824.2,1698105599999,25356394.54479000,74998,9106121.9,12365851.94650000,0
1698105600000,1.3617000,1.4019000,1.3533000,1.3873000,16675491.2,1698109199999,23045151.17215000,62044,8345919,11528581.24085000,0
1698109200000,1.3873000,1.3962000,1.3716000,1.3834000,10054580.9,1698112799999,13904439.63173000,35535,4900843.6,6778194.13076000,0
1698112800000,1.3834000,1.4290000,1.3786000,1.4193000,19086146.6,1698116399999,26801296.91345000,73532,9579820.7,13456260.38895000,0
1698116400000,1.4192000,1.4274000,1.3822000,1.3834000,12437818.6,1698119999999,17528325.50536000,52880,5704421.1,8044789.05415000,0
1698120000000,1.3833000,1.3992000,1.3791000,1.3883000,6379672.2,1698123599999,8867830.29852000,26650,2991790.7,4160013.11179000,0
1698123600000,1.3883000,1.4019000,1.3687000,1.3736000,7745723.4,1698127199999,10723643.16548000,28539,3608898.2,5000885.78518000,0
1698127200000,1.3735000,1.3805000,1.3526000,1.3618000,8592624.2,1698130799999,11724515.52483000,34949,4041231.1,5514077.30241000,0
1698130800000,1.3618000,1.3722000,1.3543000,1.3718000,5392998.7,1698134399999,7351887.72709000,23076,2739033.8,3734511.13359000,0
1698134400000,1.3717000,1.3918000,1.3690000,1.3915000,5445106.3,1698137999999,7518431.80294000,21788,2930367,4046670.85565000,0
1698138000000,1.3914000,1.4149000,1.3864000,1.4070000,7632403.4,1698141599999,10711054.25879000,28652,4092216.5,5743563.27154000,0
1698141600000,1.4070000,1.4145000,1.3985000,1.4090000,4751793.6,1698145199999,6678555.15730000,17948,2248133.1,3160603.57069000,0
1698145200000,1.4090000,1.4156000,1.3984000,1.4151000,6453490.9,1698148799999,9085719.15557000,27353,3223503.5,4539640.41004000,0
1698148800000,1.4151000,1.4363000,1.4071000,1.4180000,11520021.6,1698152399999,16374908.92340000,43075,5813501.1,8263589.75513000,0
1698152400000,1.4179000,1.4179000,1.3881000,1.4070000,10534185.2,1698155999999,14774535.16643000,40628,4859307.4,6816223.80368000,0
1698156000000,1.4072000,1.4094000,1.3840000,1.4083000,6796322.3,1698159599999,9491718.68131000,28962,3204427.9,4478154.50140000,0
1698159600000,1.4083000,1.4204000,1.3307000,1.3601000,31044448.7,1698163199999,42489771.47656000,112068,15414743.5,21107826.32656000,0
1698163200000,1.3601000,1.3849000,1.3457000,1.3790000,12552153.2,1698166799999,17192945.13576000,54571,6110550.9,8370751.16364000,0
1698166800000,1.3791000,1.3932000,1.3677000,1.3683000,6096597.2,1698170399999,8410712.70673000,27176,2925637.3,4038425.25115000,0
1698170400000,1.3683000,1.3772000,1.3518000,1.3753000,5916510.8,1698173999999,8069473.76429000,27600,2921192.1,3985155.70014000,0
1698174000000,1.3752000,1.3821000,1.3697000,1.3757000,3558896.4,1698177599999,4896910.63995000,16709,1799434.3,2475961.01863000,0
1698177600000,1.3756000,1.3820000,1.3639000,1.3670000,4624790.5,1698181199999,6351276.63420000,19650,2093777.4,2876203.97535000,0
1698181200000,1.3669000,1.3898000,1.3591000,1.3859000,5709086.8,1698184799999,7825541.10444000,22445,2958536,4053574.35249000,0
1698184800000,1.3858000,1.4005000,1.3795000,1.4002000,5999837.3,1698188399999,8338325.86785000,24704,3216389.4,4471489.08939000,0
1698188400000,1.4001000,1.4020000,1.3835000,1.3961000,4940153.3,1698191999999,6884504.28340000,21106,2558571.3,3566387.48265000,0
1698192000000,1.3961000,1.4071000,1.3852000,1.4050000,7501281.9,1698195599999,10458911.27646000,31494,3708513.9,5171837.74398000,0
1698195600000,1.4049000,1.4196000,1.4035000,1.4100000,6547079.8,1698199199999,9246084.75005000,27704,3298646.4,4658832.87468000,0
1698199200000,1.4100000,1.4123000,1.3898000,1.3983000,4460774.3,1698202799999,6238452.39418000,18442,2108101.7,2948153.88505000,0
1698202800000,1.3982000,1.3999000,1.3846000,1.3877000,4060744.8,1698206399999,5646254.53829000,16905,2099698.4,2919679.16774000,0
1698206400000,1.3877000,1.3956000,1.3773000,1.3956000,4164451.4,1698209999999,5770324.10542000,16090,2064771.4,2862381.49258000,0
1698210000000,1.3956000,1.3965000,1.3745000,1.3794000,4742039,1698213599999,6564393.77017000,18261,2168597.7,3002321.18001000,0
1698213600000,1.3793000,1.3934000,1.3788000,1.3885000,2910404.3,1698217199999,4039697.65696000,12523,1459691,2026008.47542000,0
1698217200000,1.3886000,1.3898000,1.3486000,1.3632000,7966248.9,1698220799999,10886620.96941000,32651,3760048.9,5137544.88856000,0
1698220800000,1.3631000,1.3700000,1.3557000,1.3680000,6034754.8,1698224399999,8232614.09275000,18934,2859746.2,3902626.77080000,0
1698224400000,1.3680000,1.3806000,1.3658000,1.3719000,4257740.8,1698227999999,5855226.57103000,16160,2209888.1,3039319.37584000,0
1698228000000,1.3718000,1.3771000,1.3668000,1.3749000,2945020.9,1698231599999,4039598.56448000,11025,1373025.5,1883786.32453000,0
1698231600000,1.3750000,1.3781000,1.3652000,1.3688000,4007491.1,1698235199999,5493477.56095000,14280,2083464.7,2856251.41638000,0
1698235200000,1.3687000,1.3824000,1.3686000,1.3745000,4886230,1698238799999,6725204.14385000,16957,2660113.3,3661228.31122000,0
1698238800000,1.3745000,1.3871000,1.3679000,1.3785000,5858762,1698242399999,8072473.87639000,20276,2819640.1,3886076.52579000,0
1698242400000,1.3785000,1.3957000,1.3705000,1.3913000,7449815.5,1698245999999,10304001.79963000,24184,3587659.7,4963871.00739000,0
1698246000000,1.3913000,1.4045000,1.3857000,1.3990000,7760219.6,1698249599999,10827907.79246000,30300,3803992.4,5309546.83647000,0
1698249600000,1.3991000,1.4085000,1.3654000,1.3662000,13315560.6,1698253199999,18450056.25918000,44217,6321380.6,8760774.31429000,0
1698253200000,1.3661000,1.3833000,1.3611000,1.3707000,6498543.6,1698256799999,8926287.08863000,23282,3105629.5,4266116.89325000,0
1698256800000,1.3707000,1.3769000,1.3637000,1.3745000,3842739.5,1698260399999,5263163.00216000,16104,1860455.3,2548204.60810000,0
1698260400000,1.3747000,1.3767000,1.3660000,1.3738000,2566371.4,1698263999999,3519499.69876000,9897,1085570,1488843.56211000,0
1698264000000,1.3739000,1.3786000,1.3666000,1.3675000,2566315.3,1698267599999,3523727.08062000,10439,1268312.4,1741722.77673000,0
1698267600000,1.3674000,1.3746000,1.3637000,1.3715000,2210335.8,1698271199999,3022837.14881000,9074,1161690.4,1588558.73673000,0
1698271200000,1.3715000,1.3804000,1.3702000,1.3785000,3946613.6,1698274799999,5427643.59275000,16198,2169501.3,2983934.04982000,0
1698274800000,1.3786000,1.3851000,1.3639000,1.3849000,4848007.2,1698278399999,6663011.15122000,20633,2340936.2,3218193.34839000,0
1698278400000,1.3849000,1.4064000,1.3781000,1.3960000,10225953.9,1698281999999,14243456.42651000,34386,5255786.5,7324849.90959000,0
1698282000000,1.3960000,1.3994000,1.3808000,1.3883000,5366960.2,1698285599999,7470351.61482000,21160,2650683.9,3690567.21900000,0
1698285600000,1.3883000,1.3894000,1.3789000,1.3809000,4457863.5,1698289199999,6165603.53580000,15541,2142474.8,2963409.01871000,0
1698289200000,1.3807000,1.4470000,1.3792000,1.4448000,19217565.3,1698292799999,27283550.40102000,53493,10644349.4,15102019.11633000,0
1698292800000,1.4447000,1.4545000,1.4341000,1.4457000,12461634.2,1698296399999,18000960.69402000,43768,5895924.4,8518035.74979000,0
1698296400000,1.4458000,1.4478000,1.4058000,1.4095000,8963229.1,1698299999999,12786893.37313000,34220,3632439,5184486.07281000,0
1698300000000,1.4096000,1.4267000,1.3943000,1.4243000,7853065.5,1698303599999,11069188.00555000,29137,4286645.2,6044197.58876000,0
1698303600000,1.4242000,1.4788000,1.4174000,1.4688000,19690534.1,1698307199999,28652153.47657000,63785,9914212.8,14425724.87373000,0
1698307200000,1.4690000,1.4769000,1.4440000,1.4591000,13599340.5,1698310799999,19859597.52507000,47105,6304516.8,9212766.72370000,0
1698310800000,1.4591000,1.4679000,1.4391000,1.4479000,7590036.2,1698314399999,11016658.00970000,28696,3634140.6,5276758.06204000,0
1698314400000,1.4479000,1.4531000,1.4259000,1.4427000,7802825.3,1698317999999,11240008.87554000,31241,3520307.7,5073017.17833000,0
1698318000000,1.4426000,1.4535000,1.4201000,1.4352000,10830521.4,1698321599999,15576148.41064000,38876,5431843.4,7813064.49517000,0
1698321600000,1.4351000,1.4567000,1.4326000,1.4551000,6519794.8,1698325199999,9434077.95190000,26130,3119014.5,4512689.65284000,0
1698325200000,1.4552000,1.4572000,1.4162000,1.4166000,6502420.4,1698328799999,9341166.54507000,26242,2877596,4134724.57648000,0
1698328800000,1.4167000,1.4286000,1.3513000,1.3980000,20508942.1,1698332399999,28609819.72204000,78683,9722476.2,13570675.88048000,0
1698332400000,1.3980000,1.3993000,1.3630000,1.3863000,8948651.4,1698335999999,12352372.35513000,44134,4128081.3,5697805.98656000,0
1698336000000,1.3862000,1.3874000,1.3662000,1.3669000,5847118,1698339599999,8049752.82051000,29561,2728554.1,3756575.38713000,0
1698339600000,1.3669000,1.3959000,1.3654000,1.3942000,4534959.6,1698343199999,6278746.49776000,23053,2306844.6,3194005.24843000,0
1698343200000,1.3942000,1.3980000,1.3885000,1.3929000,2473620.8,1698346799999,3447048.18844000,13229,1193016.8,1662731.42216000,0
1698346800000,1.3927000,1.4027000,1.3904000,1.4010000,2190917.8,1698350399999,3060530.37901000,11764,1127379.1,1574966.14559000,0
1698350400000,1.4010000,1.4088000,1.3986000,1.4078000,2724771.5,1698353999999,3827215.80250000,13212,1372493.7,1928380.61469000,0
1698354000000,1.4077000,1.4112000,1.4000000,1.4096000,2011375.3,1698357599999,2829004.87610000,9271,876817,1233434.12765000,0
1698357600000,1.4096000,1.4178000,1.4096000,1.4157000,2249303.1,1698361199999,3179556.20123000,12435,1180421.9,1668688.92766000,0
1698361200000,1.4158000,1.4189000,1.4050000,1.4095000,3261470.3,1698364799999,4604630.28752000,13470,1416806.2,2000470.04910000,0
1698364800000,1.4096000,1.4161000,1.3963000,1.3990000,4697391.4,1698368399999,6601343.84517000,21373,2031182,2855982.96993000,0
1698368400000,1.3988000,1.4028000,1.3661000,1.3677000,7252807.3,1698371999999,10032604.76796000,32555,3267495,4520221.34370000,0
1698372000000,1.3677000,1.3945000,1.3641000,1.3890000,4294709.7,1698375599999,5938186.64798000,21719,2282612.2,3155276.54379000,0
1698375600000,1.3889000,1.3931000,1.3842000,1.3882000,2130870.6,1698379199999,2959939.55095000,12094,1014939.8,1409992.90283000,0
1698379200000,1.3882000,1.3907000,1.3770000,1.3871000,3195150.6,1698382799999,4420973.70459000,14631,1513598.2,2095085.80284000,0
1698382800000,1.3872000,1.3874000,1.3701000,1.3807000,3475672.4,1698386399999,4788905.17322000,16898,1642118.2,2262572.58185000,0
1698386400000,1.3806000,1.3892000,1.3776000,1.3886000,2690416.9,1698389999999,3721570.64498000,14092,1417412.1,1960926.41223000,0
1698390000000,1.3886000,1.3896000,1.3683000,1.3703000,3818893,1698393599999,5267373.93245000,16087,1862141.1,2568407.91763000,0
1698393600000,1.3704000,1.3844000,1.3699000,1.3808000,3166967.6,1698397199999,4360716.33463000,13577,1526469.8,2102105.27456000,0
1698397200000,1.3808000,1.3897000,1.3807000,1.3893000,2432768.1,1698400799999,3373009.99142000,11859,1081845.7,1499904.72914000,0
1698400800000,1.3893000,1.3896000,1.3779000,1.3793000,2401389,1698404399999,3319688.39807000,12138,1063305.8,1469892.06573000,0
1698404400000,1.3792000,1.3827000,1.3698000,1.3819000,2888370.2,1698407999999,3973116.21960000,14628,1510004.3,2076942.68548000,0
1698408000000,1.3819000,1.3963000,1.3740000,1.3921000,4759996,1698411599999,6592188.65695000,20951,2464296.4,3413838.10269000,0
1698411600000,1.3924000,1.4038000,1.3901000,1.3990000,4722870.5,1698415199999,6601659.20436000,23730,2375737.9,3321157.54747000,0
1698415200000,1.3991000,1.3992000,1.3696000,1.3781000,8169234.7,1698418799999,11294926.77359000,35350,3767824.9,5210249.91278000,0
1698418800000,1.3780000,1.3927000,1.3725000,1.3862000,3301551.6,1698422399999,4563002.60516000,18191,1697359.5,2345802.00469000,0
1698422400000,1.3861000,1.3910000,1.3667000,1.3737000,5069053.1,1698425999999,6997718.34925000,21810,2685633.9,3710844.37975000,0
1698426000000,1.3737000,1.3766000,1.3340000,1.3651000,10870030.7,1698429599999,14762250.98928000,42697,4681666.6,6362974.94238000,0
1698429600000,1.3650000,1.3683000,1.3439000,1.3560000,5317465.3,1698433199999,7212117.54840000,25915,2299841.6,3118529.61548000,0
1698433200000,1.3559000,1.3662000,1.3552000,1.3652000,2082921.3,1698436799999,2837436.48780000,12353,1053337.6,1434763.32410000,0
1698436800000,1.3653000,1.3702000,1.3621000,1.3681000,1773137.3,1698440399999,2422314.49506000,11662,906023.5,1237752.19626000,0
1698440400000,1.3679000,1.3712000,1.3629000,1.3709000,1404200.3,1698443999999,1920220.89145000,8101,843752.4,1154113.08847000,0
1698444000000,1.3709000,1.3720000,1.3603000,1.3614000,1898712.5,1698447599999,2595527.11227000,10263,725508.8,991986.26592000,0
1698447600000,1.3613000,1.3695000,1.3588000,1.3674000,1223714.6,1698451199999,1670981.45351000,10094,631982.3,863127.88677000,0
1698451200000,1.3674000,1.3760000,1.3647000,1.3700000,1564039.5,1698454799999,2144225.33279000,11185,826453.4,1133224.71731000,0
1698454800000,1.3699000,1.3751000,1.3680000,1.3750000,1642184.3,1698458399999,2252052.57635000,11315,684024.5,938226.35772000,0
1698458400000,1.3750000,1.3829000,1.3702000,1.3826000,2119794.7,1698461999999,2916606.65691000,13974,1020789.4,1404982.17229000,0
1698462000000,1.3826000,1.3832000,1.3764000,1.3825000,2047772.7,1698465599999,2825462.89245000,12696,1060006.9,1462458.27920000,0
1698465600000,1.3825000,1.3854000,1.3767000,1.3839000,1805090.4,1698469199999,2492440.35291000,11779,1032664.9,1426074.57093000,0
1698469200000,1.3840000,1.3896000,1.3774000,1.3779000,2503066.2,1698472799999,3463207.32518000,14581,1048874.9,1451617.46000000,0
1698472800000,1.3779000,1.3785000,1.3705000,1.3718000,2322345.9,1698476399999,3193221.99347000,10973,1031816.7,1418906.32428000,0
1698476400000,1.3718000,1.3790000,1.3691000,1.3725000,2628172.2,1698479999999,3612854.76097000,12579,1465812.3,2014727.01879000,0
1698480000000,1.3726000,1.3836000,1.3690000,1.3800000,2732449.8,1698483599999,3761919.61865000,11552,1343296.9,1850296.15469000,0
1698483600000,1.3799000,1.3831000,1.3757000,1.3792000,1878472.5,1698487199999,2590976.78976000,9258,864493.2,1192636.91978000,0
1698487200000,1.3791000,1.3820000,1.3752000,1.3819000,1335610.6,1698490799999,1841231.63658000,6679,691941.7,953829.87662000,0
1698490800000,1.3818000,1.3954000,1.3811000,1.3824000,4733832.3,1698494399999,6571182.67975000,19524,2195664.8,3048706.19383000,0
1698494400000,1.3825000,1.3863000,1.3606000,1.3684000,4622438.6,1698497999999,6345555.72124000,18302,1979923.9,2717594.18516000,0
1698498000000,1.3685000,1.3756000,1.3634000,1.3748000,1926144.5,1698501599999,2641893.55182000,10183,1039080.2,1425599.30212000,0
1698501600000,1.3749000,1.3772000,1.3694000,1.3710000,1461155.8,1698505199999,2006299.29494000,7995,766093.6,1052126.68911000,0
1698505200000,1.3709000,1.3828000,1.3691000,1.3826000,1871067.3,1698508799999,2575340.71163000,9351,1103392.5,1519089.76641000,0
1698508800000,1.3826000,1.3828000,1.3727000,1.3797000,1859239.4,1698512399999,2561566.16570000,9351,911595.6,1255830.49106000,0
1698512400000,1.3796000,1.3817000,1.3762000,1.3804000,1446245.8,1698515999999,1994159.07372000,6664,786375.5,1084292.90547000,0
1698516000000,1.3804000,1.3813000,1.3709000,1.3791000,1427293,1698519599999,1963897.70643000,7516,524059,721294.22956000,0
1698519600000,1.3792000,1.3810000,1.3718000,1.3724000,1053148.9,1698523199999,1449857.09291000,5896,506786.1,697664.52827000,0
1698523200000,1.3725000,1.3806000,1.3706000,1.3802000,1000722.1,1698526799999,1378141.42490000,5971,479502.1,660324.59875000,0
1698526800000,1.3802000,1.3867000,1.3777000,1.3866000,954679.6,1698530399999,1319955.46756000,4766,556630.8,769695.64375000,0
1698530400000,1.3867000,1.3869000,1.3724000,1.3816000,1638089,1698533999999,2260512.73703000,8477,779081.7,1075036.59828000,0
1698534000000,1.3816000,1.3822000,1.3702000,1.3726000,1982054.5,1698537599999,2723446.75782000,8898,729236.1,1002322.91263000,0
1698537600000,1.3726000,1.3823000,1.3674000,1.3685000,2925587,1698541199999,4018085.40416000,14112,1364119.5,1873959.57205000,0
1698541200000,1.3684000,1.3712000,1.3515000,1.3622000,4308240.3,1698544799999,5863427.39927000,21031,2023768.1,2754877.26530000,0
1698544800000,1.3622000,1.3700000,1.3579000,1.3695000,1461530.3,1698548399999,1993351.45358000,8200,773964,1055916.75995000,0
1698548400000,1.3694000,1.3720000,1.3596000,1.3637000,1575091.6,1698551999999,2153174.42641000,7553,784511.4,1072933.33022000,0
1698552000000,1.3637000,1.3714000,1.3594000,1.3675000,1584530.1,1698555599999,2165657.04948000,7678,769120.5,1051172.91078000,0
1698555600000,1.3675000,1.3711000,1.3650000,1.3688000,1025118.1,1698559199999,1402578.21353000,5408,609603.6,834218.19156000,0
1698559200000,1.3689000,1.3754000,1.3671000,1.3742000,1300241.1,1698562799999,1783726.11924000,5517,714625.5,980399.81544000,0
1698562800000,1.3743000,1.3798000,1.3724000,1.3772000,1472616.4,1698566399999,2026563.49709000,6516,732013.7,1007533.09399000,0
1698566400000,1.3771000,1.3853000,1.3764000,1.3845000,1947995.1,1698569999999,2692772.39312000,8684,933853.3,1291026.51143000,0
1698570000000,1.3846000,1.3864000,1.3804000,1.3809000,1795942.1,1698573599999,2484903.81925000,9120,815794.3,1128987.55531000,0
1698573600000,1.3809000,1.3813000,1.3753000,1.3778000,1467888,1698577199999,2021941.71670000,7253,539451.9,743124.31348000,0
1698577200000,1.3778000,1.3841000,1.3751000,1.3792000,1732089.5,1698580799999,2391401.47897000,8923,874091,1206923.53793000,0
1698580800000,1.3791000,1.3880000,1.3766000,1.3878000,2513048.7,1698584399999,3471839.02458000,10570,1244917.4,1719920.75431000,0
1698584400000,1.3878000,1.3935000,1.3839000,1.3887000,4680115,1698587999999,6499850.53453000,18634,2245220.3,3118482.18055000,0
1698588000000,1.3887000,1.3940000,1.3801000,1.3923000,3719947.5,1698591599999,5165002.55414000,17098,1695950.2,2355918.76890000,0
1698591600000,1.3921000,1.3967000,1.3870000,1.3891000,3712690.1,1698595199999,5166193.78923000,15513,1922269.2,2675319.49005000,0
1698595200000,1.3891000,1.3924000,1.3854000,1.3905000,2241638.2,1698598799999,3113442.69514000,10963,1065854.2,1480495.03995000,0
1698598800000,1.3906000,1.4100000,1.3877000,1.3983000,4699871.9,1698602399999,6582877.48610000,21485,2627328.3,3679621.91858000,0
1698602400000,1.3983000,1.4080000,1.3983000,1.4060000,2763256.8,1698605999999,3877351.39658000,13654,1443570.3,2025469.07563000,0
1698606000000,1.4060000,1.4081000,1.3908000,1.3961000,3056488.7,1698609599999,4270308.29772000,12272,1258092.2,1758222.69148000,0
1698609600000,1.3962000,1.4014000,1.3930000,1.4008000,1429622.4,1698613199999,1998174.43764000,7313,749789.8,1048200.10195000,0
1698613200000,1.4008000,1.4100000,1.3975000,1.3983000,1699023.4,1698616799999,2388457.16366000,8735,764416.7,1074736.99918000,0
1698616800000,1.3983000,1.4244000,1.3983000,1.4224000,3809910.2,1698620399999,5392361.70394000,15247,2201818.6,3117199.42490000,0
1698620400000,1.4225000,1.4238000,1.4060000,1.4137000,3373486.2,1698623999999,4775413.84580000,14808,1538141.5,2176922.28621000,0
1698624000000,1.4139000,1.4300000,1.4096000,1.4236000,6075347.2,1698627599999,8631367.00713000,25151,3214611.9,4567723.57869000,0
1698627600000,1.4236000,1.4414000,1.4219000,1.4224000,5357519.8,1698631199999,7672505.60281000,25184,2523350.4,3614400.38484000,0
1698631200000,1.4224000,1.4267000,1.4040000,1.4116000,5326668.4,1698634799999,7533786.39467000,22286,2345659.2,3318152.37490000,0
1698634800000,1.4115000,1.4123000,1.3950000,1.3980000,4997144.6,1698638399999,7011568.16051000,17667,2563850,3599152.40037000,0
1698638400000,1.3980000,1.4080000,1.3959000,1.4012000,2895075.1,1698641999999,4058935.68314000,11674,1599822.2,2243220.73840000,0
1698642000000,1.4013000,1.4079000,1.3955000,1.3969000,2845795.3,1698645599999,3990243.95211000,12085,1365696,1915683.11235000,0
1698645600000,1.3968000,1.4008000,1.3808000,1.4000000,5102792.5,1698649199999,7099764.73848000,18191,2209953.5,3076486.46111000,0
1698649200000,1.4000000,1.4083000,1.3920000,1.3966000,4299059.5,1698652799999,6016596.90558000,15414,2075591.5,2905054.36148000,0
1698652800000,1.3966000,1.4399000,1.3928000,1.4375000,8605374.4,1698656399999,12226327.45856000,29947,4473606.1,6355383.56107000,0
1698656400000,1.4377000,1.4490000,1.4265000,1.4272000,9276271.8,1698659999999,13308822.31843000,35859,4429107.7,6355433.52370000,0
1698660000000,1.4272000,1.4369000,1.4220000,1.4309000,4321000,1698663599999,6178630.39252000,17758,2004573.6,2867342.45963000,0
1698663600000,1.4308000,1.4426000,1.4306000,1.4407000,3147905.2,1698667199999,4527448.06334000,15110,1660877.4,2388649.48545000,0
1698667200000,1.4408000,1.4451000,1.4228000,1.4257000,5841873.9,1698670799999,8385003.42322000,22631,2750372.9,3948174.27097000,0
1698670800000,1.4259000,1.4327000,1.4190000,1.4242000,4382693.1,1698674399999,6248947.69370000,19730,2034499.9,2901633.42379000,0
1698674400000,1.4241000,1.4323000,1.4114000,1.4194000,5153110.3,1698677999999,7328458.19437000,23767,2487884.4,3539501.45692000,0
1698678000000,1.4194000,1.4233000,1.4113000,1.4208000,2587778.1,1698681599999,3669256.54245000,13385,1309082.7,1856376.41028000,0
1698681600000,1.4208000,1.4210000,1.4069000,1.4157000,3010341.6,1698685199999,4256478.31167000,13953,1368072.5,1934907.02008000,0
1698685200000,1.4158000,1.4165000,1.3847000,1.4018000,7353578,1698688799999,10274165.45820000,31321,3325076.3,4646734.63639000,0
1698688800000,1.4019000,1.4066000,1.4006000,1.4040000,1771247.5,1698692399999,2486403.96493000,9021,916208.1,1286350.83414000,0
1698692400000,1.4041000,1.4140000,1.4022000,1.4119000,1686263.7,1698695999999,2376751.68298000,9325,961700.1,1355445.25203000,0
1698696000000,1.4119000,1.4141000,1.4077000,1.4126000,1433703.1,1698699599999,2022712.61787000,7625,708513.4,999659.02167000,0
1698699600000,1.4127000,1.4210000,1.4084000,1.4209000,1613747.5,1698703199999,2286091.82463000,7814,972323.3,1377918.52095000,0
1698703200000,1.4208000,1.4267000,1.4190000,1.4256000,2079595.6,1698706799999,2957738.66710000,8671,1005147.8,1429902.53907000,0
1698706800000,1.4256000,1.4258000,1.4184000,1.4214000,1291511.6,1698710399999,1835993.27036000,6980,504147.4,716731.34479000,0
1698710400000,1.4213000,1.4400000,1.4181000,1.4361000,4426356.3,1698713999999,6335545.52947000,19476,2274140.1,3255116.47850000,0
1698714000000,1.4361000,1.4427000,1.4270000,1.4426000,2778200.9,1698717599999,3986659.93872000,13616,1386022.6,1990013.13862000,0
1698717600000,1.4426000,1.4453000,1.4231000,1.4321000,3573543.8,1698721199999,5124262.71056000,16330,1522622.1,2183401.54908000,0
1698721200000,1.4321000,1.4354000,1.4129000,1.4148000,2938429.3,1698724799999,4179383.17731000,14564,1143295.4,1626767.92167000,0
1698724800000,1.4148000,1.4218000,1.4097000,1.4179000,2201520.9,1698728399999,3118113.10382000,12212,1173003.7,1661720.80267000,0
1698728400000,1.4180000,1.4230000,1.4054000,1.4173000,3440676,1698731999999,4867224.46348000,14988,1641982.2,2322510.63227000,0
1698732000000,1.4173000,1.4255000,1.4060000,1.4104000,3823107.6,1698735599999,5418206.94121000,19004,1890708.7,2680401.45744000,0
1698735600000,1.4104000,1.4168000,1.3969000,1.3980000,4691708.7,1698739199999,6585081.65113000,20414,2307931.4,3238297.84581000,0
1698739200000,1.3981000,1.4136000,1.3838000,1.4128000,5055255.5,1698742799999,7072897.39693000,23419,2529060.1,3541454.20197000,0
1698742800000,1.4129000,1.4188000,1.4068000,1.4173000,1991595.4,1698746399999,2813039.42974000,10296,955236.9,1349382.33972000,0
1698746400000,1.4174000,1.4196000,1.4075000,1.4124000,2948473.4,1698749999999,4167270.89776000,12066,1319114.4,1864342.88530000,0
1698750000000,1.4125000,1.4280000,1.4104000,1.4184000,5076243.6,1698753599999,7201383.63268000,18661,2478922.5,3518052.01748000,0
1698753600000,1.4185000,1.4242000,1.3958000,1.4002000,5899134.5,1698757199999,8319867.88186000,25202,2775874.8,3917016.10002000,0
1698757200000,1.4003000,1.4051000,1.3654000,1.3868000,6779753.5,1698760799999,9421964.65764000,29784,2976669.5,4139984.26982000,0
1698760800000,1.3867000,1.3937000,1.3729000,1.3815000,5626473.7,1698764399999,7780580.68321000,26712,2735172.5,3783524.54146000,0
1698764400000,1.3816000,1.3841000,1.3270000,1.3618000,13515665.3,1698767999999,18338573.57733000,52013,6057929.7,8226974.90928000,0
1698768000000,1.3618000,1.3771000,1.3543000,1.3749000,5323759.2,1698771599999,7280599.29209000,22406,2606620.4,3565766.46863000,0
1698771600000,1.3749000,1.3783000,1.3692000,1.3755000,2379523.6,1698775199999,3268014.77289000,11430,1084504.3,1489860.71169000,0
1698775200000,1.3755000,1.3841000,1.3698000,1.3817000,3376704.6,1698778799999,4648182.31623000,13670,1712459.7,2359308.73937000,0
1698778800000,1.3817000,1.4030000,1.3803000,1.4018000,6877993.7,1698782399999,9565789.73518000,23211,3645462.2,5068978.78788000,0
1698782400000,1.4018000,1.4124000,1.3983000,1.4023000,4229637.2,1698785999999,5951800.83415000,17008,1893853.3,2665316.44489000,0
1698786000000,1.4023000,1.4033000,1.3875000,1.3927000,2783742.7,1698789599999,3885390.89375000,11172,1235869.4,1725100.97180000,0
1698789600000,1.3927000,1.4000000,1.3915000,1.3932000,2309116.7,1698793199999,3221145.26501000,9480,1087385.9,1516924.90162000,0
1698793200000,1.3932000,1.3977000,1.3874000,1.3966000,2747549.1,1698796799999,3822733.96182000,11290,1365516.3,1900016.60207000,0
